imagecol,imagerow,cluster.init
281,30,5
111,303,0
128,333,0
265,75,4
23,66,6
219,105,3
260,185,2
236,73,4
217,148,2
212,237,1
135,65,6
213,74,4
131,74,6
240,107,3
285,139,3
268,26,5
269,122,3
252,71,4
260,166,2
272,129,3
317,78,5
174,216,1
284,93,4
204,144,2
256,175,2
114,74,6
110,301,0
216,108,3
223,107,3
235,71,4
214,226,1
280,146,3
222,145,2
308,65,5
292,110,4
211,248,1
94,314,0
218,71,4
259,163,2
214,256,1
255,110,3
129,319,0
267,74,4
284,104,4
258,118,3
15,88,6
137,64,6
214,237,1
133,73,6
193,216,1
242,106,3
226,151,2
254,70,4
261,69,4
19,60,6
238,32,5
274,129,3
291,159,3
258,174,2
116,73,6
112,300,0
225,106,3
277,137,3
24,63,6
261,182,2
237,70,4
19,90,6
310,65,5
294,110,4
268,124,3
285,154,3
274,27,5
201,145,2
216,255,1
111,81,6
180,217,1
262,176,2
273,127,3
120,75,6
257,172,2
241,155,2
250,28,5
241,72,4
286,104,4
260,118,3
163,217,1
216,236,1
309,62,5
264,114,3
276,77,4
139,64,6
99,84,6
167,213,1
224,72,4
95,311,0
277,91,4
280,98,4
235,150,2
103,80,6
110,79,6
247,30,5
240,32,5
231,76,4
122,336,0
114,300,0
227,106,3
218,150,2
21,89,6
227,144,2
313,64,5
214,76,4
199,217,1
276,88,4
315,72,5
279,34,5
20,57,6
21,70,6
182,217,1
272,73,4
226,103,3
17,79,6
243,155,2
279,147,3
243,72,4
20,87,6
307,66,5
142,63,6
165,217,1
283,143,3
257,157,2
101,302,0
247,105,3
101,84,6
319,74,5
259,69,4
97,311,0
112,78,6
298,53,5
315,83,5
282,98,4
279,128,3
263,173,2
20,68,6
121,72,6
257,187,2
249,30,5
233,75,4
230,105,3
285,106,4
275,137,3
249,151,2
242,69,4
213,237,1
295,113,4
216,75,4
208,215,1
318,71,5
266,124,3
123,328,0
18,61,6
143,69,6
269,70,4
286,100,4
213,218,1
253,115,3
281,34,5
22,57,6
23,70,6
120,301,0
274,73,4
219,147,2
212,241,1
123,309,0
281,147,3
22,87,6
213,78,4
144,63,6
205,218,1
200,214,1
120,331,0
207,213,1
301,52,5
106,309,0
280,31,5
252,113,3
114,78,6
183,214,1
190,213,1
320,90,5
110,305,0
123,72,6
232,105,3
216,150,2
244,69,4
288,156,3
166,214,1
218,75,4
215,105,3
275,122,3
259,167,2
210,215,1
271,131,3
118,80,6
187,216,1
307,62,5
215,218,1
291,107,4
267,116,3
251,161,2
125,308,0
279,80,4
101,80,6
170,216,1
198,218,1
146,62,6
271,29,5
222,77,4
124,325,0
275,133,3
125,338,0
242,148,2
117,77,6
303,52,5
287,97,4
254,112,3
254,29,5
282,31,5
238,74,4
266,76,4
273,75,4
283,106,4
132,70,6
261,186,2
285,39,5
234,104,3
241,103,3
225,148,2
253,67,4
124,306,0
136,66,6
237,29,5
278,84,4
265,31,5
125,319,0
221,74,4
217,104,3
121,328,0
201,149,2
208,148,2
107,306,0
261,167,2
290,161,3
286,33,5
116,306,0
248,158,2
293,107,4
233,102,3
269,116,3
286,146,3
253,161,2
99,306,0
127,308,0
172,216,1
108,300,0
95,315,0
216,102,3
200,147,2
110,83,6
305,51,5
322,81,5
244,148,2
280,140,3
119,77,6
215,233,1
308,59,5
325,89,5
256,112,3
292,104,4
264,186,2
256,29,5
240,74,4
211,242,1
243,103,3
227,148,2
126,306,0
239,29,5
98,86,6
316,76,5
127,319,0
223,74,4
283,91,4
248,106,3
130,326,0
25,59,6
210,148,2
276,130,3
211,223,1
304,49,5
272,77,4
191,215,1
198,214,1
215,244,1
275,85,4
226,145,2
20,91,6
101,306,0
121,343,0
266,72,4
97,315,0
278,36,5
259,111,3
263,177,2
20,72,6
121,76,6
307,51,5
181,219,1
117,303,0
271,75,4
282,140,3
249,155,2
130,70,6
310,59,5
249,72,4
261,119,3
285,148,3
251,67,4
258,66,4
314,80,5
164,219,1
281,95,4
100,303,0
255,171,2
241,28,5
107,84,6
225,73,4
96,312,0
103,311,0
241,149,2
321,83,5
213,222,1
278,130,3
262,113,3
216,230,1
208,73,4
309,56,5
217,243,1
274,77,4
257,26,5
265,121,3
213,252,1
277,85,4
108,78,6
200,143,2
228,145,2
126,321,0
104,87,6
229,75,4
207,217,1
122,330,0
301,56,5
318,86,5
123,343,0
18,76,6
217,224,1
211,145,2
268,72,4
115,307,0
212,220,1
284,139,3
139,69,6
167,218,1
248,102,3
122,311,0
288,160,3
232,147,2
260,66,4
272,29,5
244,28,5
21,64,6
102,303,0
17,73,6
224,103,3
122,341,0
215,147,2
243,149,2
284,37,5
323,83,5
129,72,6
255,156,2
238,105,3
283,137,3
267,120,3
284,150,3
198,147,2
312,69,5
279,84,4
296,114,4
287,158,3
315,77,5
202,143,2
179,214,1
214,107,3
21,75,6
283,35,5
23,83,6
306,64,5
273,79,4
290,109,4
247,155,2
254,154,2
263,27,5
266,118,3
100,81,6
96,308,0
124,310,0
234,146,2
169,218,1
279,95,4
253,109,3
237,154,2
145,64,6
105,84,6
230,72,4
111,301,0
128,331,0
265,73,4
23,64,6
124,340,0
217,146,2
302,54,5
212,235,1
116,304,0
286,37,5
213,72,4
131,72,6
240,105,3
128,312,0
269,120,3
286,150,3
252,69,4
253,165,2
289,158,3
256,173,2
108,304,0
223,105,3
207,150,2
235,69,4
188,217,1
264,190,2
94,312,0
268,118,3
252,163,2
171,217,1
98,308,0
236,146,2
111,75,6
317,87,5
220,108,3
284,102,4
239,154,2
232,72,4
239,71,4
251,34,5
276,134,3
304,53,5
214,235,1
296,110,4
215,248,1
215,72,4
222,71,4
193,214,1
275,89,4
210,220,1
238,30,5
291,157,3
254,106,3
238,151,2
288,104,4
129,328,0
214,216,1
247,151,2
19,88,6
259,115,3
218,144,2
287,34,5
271,79,4
278,78,4
197,216,1
230,151,2
285,152,3
146,67,6
105,80,6
258,70,4
129,309,0
262,174,2
19,69,6
273,125,3
290,155,3
120,73,6
279,28,5
109,301,0
116,300,0
241,153,2
258,183,2
241,70,4
261,191,2
253,34,5
209,77,4
262,28,5
216,234,1
264,29,5
298,110,4
99,82,6
95,309,0
205,145,2
257,68,4
110,77,6
277,127,3
261,172,2
231,74,4
221,105,3
228,104,3
256,106,3
212,149,2
240,151,2
240,68,4
313,62,5
252,159,2
223,151,2
199,215,1
216,245,1
264,123,3
276,86,4
232,151,2
260,70,4
244,32,5
126,336,0
272,71,4
118,300,0
284,35,5
243,70,4
20,85,6
224,145,2
142,61,6
211,77,4
283,141,3
138,70,6
280,88,4
247,103,3
121,337,0
259,67,4
97,309,0
287,162,3
24,57,6
315,81,5
278,30,5
179,218,1
20,66,6
121,70,6
181,213,1
230,103,3
21,79,6
242,67,4
214,149,2
250,162,2
17,88,6
283,39,5
295,111,4
92,316,0
287,143,3
266,122,3
273,121,3
283,152,3
197,149,2
173,213,1
257,166,2
263,69,4
319,83,5
275,33,5
286,98,4
253,113,3
125,72,6
279,137,3
246,152,2
307,56,5
246,69,4
217,237,1
291,101,4
258,116,3
258,33,5
123,307,0
144,61,6
229,69,4
241,33,5
282,88,4
301,50,5
318,80,5
249,103,3
123,337,0
233,148,2
285,96,4
289,162,3
252,111,3
26,57,6
269,79,4
245,29,5
110,303,0
264,75,4
22,66,6
232,103,3
216,148,2
120,310,0
212,250,1
212,74,4
204,214,1
215,103,3
199,148,2
284,31,5
260,179,2
118,78,6
187,214,1
324,90,5
127,72,6
239,75,4
248,152,2
284,144,3
248,69,4
312,63,5
260,33,5
170,214,1
271,27,5
222,75,4
93,314,0
317,72,5
275,131,3
292,161,3
259,176,2
210,224,1
243,33,5
117,75,6
303,50,5
320,80,5
276,30,5
287,95,4
235,148,2
254,110,3
254,27,5
288,108,4
238,72,4
290,103,4
247,149,2
247,66,4
210,78,4
311,67,5
125,317,0
221,72,4
246,104,3
230,149,2
271,121,3
128,325,0
206,214,1
209,221,1
251,113,3
258,112,3
286,31,5
303,61,5
270,76,4
287,106,4
281,141,3
22,81,6
189,214,1
282,40,5
250,68,4
121,307,0
286,144,3
140,66,6
253,159,2
269,31,5
100,86,6
172,214,1
125,328,0
245,108,3
95,313,0
205,149,2
273,27,5
257,72,4
104,307,0
277,131,3
261,176,2
119,75,6
325,87,5
228,108,3
256,110,3
264,184,2
256,27,5
240,72,4
237,102,3
221,147,2
293,116,4
249,66,4
269,125,3
253,170,2
99,315,0
316,74,5
127,317,0
223,72,4
220,102,3
204,147,2
208,213,1
276,128,3
211,221,1
304,47,5
321,77,5
305,60,5
322,90,5
260,112,3
272,75,4
244,157,2
191,213,1
215,242,1
308,68,5
292,113,4
211,251,1
224,149,2
102,86,6
121,341,0
299,55,5
266,70,4
283,100,4
259,109,3
276,139,3
121,74,6
211,232,1
181,217,1
117,301,0
271,73,4
137,67,6
230,145,2
295,115,4
239,102,3
286,159,3
141,63,6
270,28,5
130,316,0
226,71,4
288,154,3
19,63,6
238,35,5
274,132,3
222,102,3
206,147,2
16,85,6
278,128,3
125,76,6
185,219,1
289,110,4
279,141,3
134,70,6
307,60,5
246,73,4
217,241,1
265,119,3
282,149,3
310,68,5
277,83,4
294,113,4
108,76,6
267,31,5
168,219,1
104,85,6
229,73,4
127,332,0
100,312,0
318,84,5
123,341,0
257,181,2
18,74,6
217,222,1
250,31,5
285,100,4
321,92,5
115,305,0
124,74,6
252,32,5
213,231,1
245,154,2
261,26,5
306,58,5
245,71,4
216,239,1
119,301,0
139,67,6
217,252,1
274,86,4
281,85,4
167,216,1
217,76,4
122,309,0
232,145,2
123,322,0
219,77,4
277,94,4
143,63,6
228,71,4
126,330,0
240,35,5
122,339,0
215,145,2
216,220,1
18,85,6
231,105,3
284,148,3
170,218,1
106,303,0
214,105,3
21,73,6
102,312,0
17,82,6
283,33,5
278,143,3
186,216,1
323,92,5
290,107,4
247,70,4
288,150,3
255,165,2
266,116,3
283,146,3
312,78,5
319,77,5
169,216,1
279,93,4
112,81,6
218,107,3
230,70,4
128,329,0
282,101,4
124,338,0
302,52,5
213,246,1
287,110,4
263,119,3
270,118,3
254,163,2
201,219,1
128,310,0
286,148,3
250,110,3
124,319,0
289,156,3
109,84,6
212,214,1
125,332,0
262,74,4
23,73,6
120,304,0
257,114,3
285,33,5
188,215,1
212,244,1
325,91,5
128,73,6
264,188,2
135,72,6
237,106,3
249,70,4
256,69,4
285,146,3
171,215,1
269,129,3
260,173,2
118,72,6
317,85,5
107,300,0
220,106,3
114,81,6
232,70,4
239,69,4
213,145,2
192,217,1
296,108,4
215,246,1
196,145,2
211,255,1
106,81,6
256,163,2
175,217,1
259,170,2
268,127,3
115,75,6
288,102,4
219,104,3
280,134,3
215,227,1
308,53,5
259,113,3
259,30,5
211,236,1
287,32,5
304,62,5
311,61,5
271,77,4
137,71,6
197,214,1
214,244,1
146,65,6
105,78,6
258,68,4
272,128,3
242,30,5
300,47,5
130,320,0
226,75,4
284,92,4
124,334,0
251,107,3
262,172,2
19,67,6
258,181,2
247,33,5
222,106,3
16,89,6
24,70,6
209,75,4
222,144,2
234,107,3
275,79,4
136,69,6
278,87,4
238,103,3
245,102,3
205,143,2
257,66,4
258,162,2
277,125,3
177,217,1
261,170,2
113,301,0
221,103,3
262,183,2
228,102,3
19,78,6
273,134,3
212,147,2
15,87,6
282,134,3
285,142,3
252,157,2
216,243,1
309,69,5
127,311,0
264,121,3
314,74,5
139,71,6
281,89,4
107,78,6
176,214,1
103,305,0
116,72,6
244,30,5
103,87,6
228,75,4
305,54,5
225,105,3
244,151,2
237,69,4
122,343,0
216,224,1
211,75,4
243,106,3
203,215,1
313,71,5
280,86,4
297,116,4
216,254,1
126,315,0
283,94,4
231,147,2
208,218,1
122,324,0
20,64,6
21,77,6
214,147,2
17,86,6
118,309,0
276,76,4
142,70,6
195,214,1
202,213,1
283,150,3
290,149,3
197,147,2
263,67,4
101,309,0
280,97,4
21,58,6
258,177,2
319,81,5
275,31,5
24,66,6
17,67,6
125,70,6
178,214,1
185,213,1
279,135,3
246,150,2
263,180,2
20,75,6
307,54,5
246,67,4
129,66,6
258,31,5
104,79,6
270,122,3
254,167,2
315,71,5
318,78,5
225,76,4
113,79,6
233,146,2
257,175,2
285,94,4
275,125,3
319,92,5
210,218,1
269,77,4
286,107,4
213,225,1
250,152,2
226,102,3
22,64,6
262,116,3
23,77,6
216,146,2
120,308,0
274,80,4
165,216,1
212,248,1
123,316,0
212,72,4
144,70,6
103,83,6
120,338,0
237,148,2
298,52,5
318,89,5
293,162,3
249,29,5
118,76,6
277,31,5
114,303,0
268,75,4
127,70,6
212,229,1
229,104,3
236,103,3
281,135,3
213,149,2
220,148,2
248,150,2
22,75,6
248,67,4
119,306,0
131,66,6
260,31,5
216,74,4
93,312,0
196,149,2
203,148,2
106,79,6
102,306,0
256,167,2
292,159,3
259,174,2
243,31,5
320,78,5
184,215,1
288,106,4
219,108,3
260,188,2
280,132,3
255,159,2
101,87,6
271,119,3
146,69,6
272,132,3
300,51,5
174,219,1
284,96,4
258,110,3
242,155,2
259,185,2
251,28,5
303,59,5
320,89,5
270,74,4
287,104,4
282,38,5
250,66,4
222,148,2
140,64,6
100,84,6
250,104,3
124,313,0
218,74,4
278,91,4
125,326,0
210,214,1
145,67,6
257,70,4
121,335,0
22,60,6
299,49,5
129,322,0
277,129,3
294,159,3
257,108,3
261,174,2
267,77,4
286,40,5
128,67,6
281,150,3
221,145,2
15,91,6
125,307,0
293,114,4
200,217,1
269,123,3
253,168,2
99,313,0
127,315,0
204,145,2
261,72,4
108,307,0
176,218,1
183,217,1
116,76,6
123,75,6
305,58,5
322,88,5
260,110,3
277,140,3
244,155,2
261,185,2
244,72,4
289,104,4
253,66,4
265,30,5
102,84,6
220,73,4
227,72,4
217,103,3
98,311,0
236,149,2
316,83,5
127,326,0
283,98,4
215,221,1
276,137,3
211,230,1
304,56,5
288,39,5
272,84,4
215,251,1
223,145,2
141,61,6
130,314,0
202,217,1
219,71,4
101,313,0
206,145,2
16,83,6
282,34,5
207,220,1
278,126,3
125,74,6
185,217,1
121,301,0
275,73,4
279,139,3
259,118,3
134,68,6
263,184,2
20,79,6
287,37,5
282,147,3
294,111,4
138,64,6
267,29,5
274,28,5
258,73,4
121,331,0
100,310,0
288,163,3
109,304,0
210,147,2
290,164,3
279,37,5
217,220,1
250,29,5
285,98,4
124,72,6
213,229,1
250,156,2
226,106,3
233,105,3
278,137,3
245,152,2
295,105,4
262,120,3
245,69,4
307,69,5
217,250,1
274,84,4
291,114,4
298,113,4
257,33,5
264,32,5
277,92,4
216,105,3
257,160,2
108,85,6
143,61,6
103,81,6
228,69,4
240,33,5
216,218,1
18,83,6
217,231,1
249,154,2
213,240,1
261,118,3
22,79,6
289,37,5
119,310,0
126,309,0
229,146,2
281,94,4
248,109,3
147,63,6
106,301,0
123,331,0
260,73,4
18,64,6
244,35,5
252,105,3
102,310,0
126,339,0
17,80,6
264,69,4
111,304,0
208,72,4
186,214,1
243,73,4
126,72,6
235,105,3
288,148,3
247,68,4
219,150,2
283,144,3
312,76,5
218,105,3
280,34,5
130,73,6
284,138,3
251,153,2
251,70,4
263,117,3
280,147,3
287,146,3
254,161,2
255,174,2
266,125,3
113,73,6
272,28,5
166,217,1
173,216,1
250,108,3
96,315,0
124,317,0
234,153,2
109,82,6
234,70,4
262,72,4
286,101,4
105,309,0
246,34,5
23,71,6
299,53,5
306,52,5
323,82,5
120,302,0
257,112,3
217,70,4
285,31,5
210,72,4
213,255,1
205,219,1
279,83,4
128,319,0
269,127,3
286,157,3
249,106,3
233,151,2
209,215,1
124,328,0
204,149,2
212,223,1
23,82,6
192,215,1
273,78,4
132,73,6
212,253,1
196,143,2
253,70,4
256,161,2
175,215,1
268,125,3
285,155,3
115,73,6
17,76,6
111,300,0
98,315,0
236,153,2
243,152,2
260,182,2
219,102,3
111,82,6
236,70,4
107,309,0
248,34,5
276,141,3
122,77,6
211,234,1
321,90,5
312,72,5
214,242,1
215,255,1
271,30,5
272,126,3
317,75,5
174,213,1
130,318,0
284,90,4
251,105,3
223,104,3
207,149,2
235,151,2
211,215,1
247,31,5
288,111,4
126,328,0
214,223,1
263,113,3
280,143,3
247,158,2
215,236,1
308,62,5
275,77,4
292,107,4
194,215,1
278,85,4
214,253,1
258,160,2
274,32,5
105,87,6
255,107,3
129,316,0
177,215,1
267,71,4
25,62,6
262,181,2
19,76,6
251,33,5
109,308,0
116,307,0
258,190,2
15,85,6
124,76,6
250,71,4
285,140,3
133,70,6
193,213,1
242,103,3
226,148,2
314,72,5
254,67,4
257,158,2
273,30,5
103,303,0
274,126,3
258,171,2
319,75,5
322,82,5
225,103,3
277,134,3
209,148,2
19,87,6
216,222,1
256,30,5
240,75,4
310,62,5
277,77,4
313,69,5
268,121,3
297,114,4
252,166,2
216,252,1
231,145,2
180,214,1
281,98,4
208,216,1
120,72,6
241,152,2
321,86,5
269,71,4
126,343,0
253,116,3
253,33,5
163,214,1
191,216,1
118,307,0
216,233,1
309,59,5
276,74,4
142,68,6
212,242,1
122,303,0
313,80,5
220,78,4
244,103,3
101,307,0
280,95,4
247,110,3
126,324,0
259,74,4
97,316,0
24,64,6
263,178,2
20,73,6
227,103,3
117,304,0
211,148,2
21,86,6
270,120,3
287,150,3
254,165,2
290,158,3
272,32,5
279,31,5
263,76,4
182,214,1
319,90,5
286,105,4
262,114,3
279,144,3
246,159,2
263,189,2
255,32,5
262,31,5
323,86,5
307,63,5
120,306,0
274,78,4
129,75,6
165,214,1
266,27,5
311,59,5
144,68,6
229,76,4
120,336,0
237,146,2
112,75,6
298,50,5
315,80,5
282,95,4
318,87,5
249,110,3
240,154,2
249,27,5
233,72,4
230,102,3
285,103,4
242,149,2
220,146,2
22,73,6
119,304,0
23,86,6
216,72,4
276,89,4
241,104,3
225,149,2
201,213,1
123,325,0
289,150,3
253,112,3
281,31,5
184,213,1
265,76,4
260,186,2
219,144,2
212,238,1
123,306,0
281,144,3
135,66,6
248,159,2
231,108,3
22,84,6
268,27,5
202,144,2
99,307,0
260,167,2
300,49,5
317,79,5
280,28,5
174,217,1
284,94,4
256,176,2
275,138,3
114,75,6
259,183,2
320,87,5
223,108,3
287,102,4
235,72,4
263,28,5
247,73,4
222,146,2
255,168,2
218,72,4
215,102,3
125,324,0
199,147,2
259,164,2
203,213,1
145,65,6
271,128,3
299,47,5
316,77,5
255,111,3
129,320,0
283,92,4
267,75,4
274,74,4
284,105,4
258,119,3
286,38,5
125,305,0
286,151,3
193,217,1
261,70,4
108,305,0
125,335,0
303,49,5
291,160,3
254,109,3
238,154,2
123,73,6
282,28,5
322,86,5
112,301,0
266,73,4
277,138,3
132,67,6
261,183,2
244,70,4
188,218,1
289,102,4
225,145,2
19,91,6
264,191,2
265,28,5
221,71,4
249,73,4
98,309,0
201,146,2
208,145,2
127,324,0
180,218,1
248,28,5
232,73,4
273,128,3
120,76,6
257,173,2
276,135,3
122,71,6
321,84,5
241,73,4
293,104,4
260,119,3
163,218,1
215,249,1
99,85,6
224,73,4
110,80,6
247,152,2
215,230,1
308,56,5
256,109,3
259,116,3
134,66,6
259,33,5
211,239,1
114,301,0
117,308,0
271,80,4
227,145,2
145,61,6
214,77,4
121,329,0
141,70,6
223,71,4
242,33,5
283,88,4
130,323,0
109,302,0
210,145,2
290,162,3
272,74,4
233,103,3
278,135,3
284,38,5
121,310,0
20,88,6
298,111,4
255,157,2
238,106,3
165,218,1
108,83,6
104,310,0
278,33,5
318,91,5
279,129,3
121,73,6
181,216,1
217,229,1
230,106,3
285,107,4
282,137,3
249,152,2
310,56,5
242,70,4
213,238,1
261,116,3
119,308,0
314,77,5
164,216,1
281,92,4
232,152,2
147,61,6
107,81,6
318,72,5
225,70,4
123,329,0
96,309,0
257,169,2
18,62,6
143,70,6
244,33,5
252,103,3
126,337,0
213,219,1
216,227,1
217,240,1
126,70,6
265,118,3
211,78,4
235,103,3
219,148,2
196,219,1
213,249,1
123,310,0
277,82,4
281,148,3
22,88,6
200,215,1
207,214,1
122,327,0
202,148,2
260,165,2
301,53,5
179,219,1
123,340,0
18,73,6
21,80,6
268,69,4
280,32,5
115,304,0
130,71,6
183,215,1
190,214,1
320,91,5
283,40,5
251,68,4
287,144,3
263,32,5
288,157,3
255,172,2
283,153,3
272,26,5
166,215,1
21,61,6
215,106,3
105,307,0
227,70,4
255,26,5
306,50,5
129,69,6
291,108,4
302,59,5
267,117,3
251,162,2
312,66,5
279,81,4
296,111,4
101,81,6
270,125,3
170,217,1
254,170,2
128,317,0
113,82,6
233,149,2
124,326,0
245,30,5
125,339,0
117,78,6
303,53,5
254,30,5
23,80,6
282,32,5
306,61,5
273,76,4
290,106,4
120,311,0
132,71,6
285,40,5
212,251,1
253,68,4
124,307,0
237,30,5
265,32,5
221,75,4
246,107,3
224,104,3
128,328,0
208,149,2
23,61,6
260,180,2
236,68,4
107,307,0
124,337,0
19,70,6
248,32,5
212,232,1
229,107,3
122,75,6
131,69,6
273,87,4
209,78,4
240,102,3
215,253,1
269,117,3
252,66,4
253,162,2
264,30,5
317,73,5
214,108,3
256,170,2
216,103,3
223,102,3
115,82,6
207,147,2
214,221,1
280,141,3
215,234,1
308,60,5
325,90,5
275,75,4
292,105,4
211,243,1
94,309,0
311,68,5
279,96,4
214,251,1
171,214,1
105,85,6
126,307,0
255,105,3
129,314,0
239,30,5
98,87,6
223,75,4
300,54,5
267,69,4
284,99,4
239,151,2
251,114,3
25,60,6
251,31,5
211,224,1
304,50,5
214,232,1
198,215,1
133,68,6
275,86,4
226,146,2
278,94,4
245,109,3
274,124,3
291,154,3
258,169,2
121,344,0
255,116,3
129,325,0
209,146,2
262,190,2
19,85,6
282,141,3
137,70,6
197,213,1
310,60,5
294,105,4
285,149,3
252,164,2
258,67,4
92,317,0
111,76,6
314,81,5
270,31,5
281,96,4
262,171,2
19,66,6
120,70,6
173,214,1
107,85,6
103,312,0
274,135,3
241,150,2
258,180,2
116,79,6
286,99,4
112,306,0
244,158,2
253,31,5
216,231,1
309,57,5
224,150,2
217,244,1
257,27,5
265,122,3
213,253,1
277,86,4
313,78,5
220,76,4
280,93,4
200,144,2
228,146,2
235,145,2
110,74,6
126,322,0
231,71,4
122,331,0
18,77,6
211,146,2
21,84,6
212,221,1
309,68,5
276,83,4
139,70,6
287,148,3
98,83,6
167,219,1
122,312,0
260,67,4
272,30,5
279,29,5
263,74,4
21,65,6
17,74,6
215,148,2
243,150,2
279,142,3
118,79,6
263,187,2
243,67,4
20,82,6
129,73,6
283,138,3
138,67,6
198,148,2
296,115,4
97,306,0
270,129,3
287,159,3
112,73,6
298,48,5
315,78,5
282,93,4
221,106,3
20,63,6
257,182,2
233,70,4
275,132,3
245,34,5
250,159,2
23,84,6
274,87,4
254,155,2
212,255,1
266,119,3
286,95,4
253,110,3
246,28,5
281,29,5
265,74,4
282,104,4
23,65,6
246,149,2
124,341,0
212,236,1
123,304,0
281,142,3
22,82,6
213,73,4
248,74,4
205,213,1
131,73,6
140,67,6
301,47,5
252,70,4
106,304,0
317,77,5
289,159,3
252,108,3
256,174,2
212,217,1
114,73,6
110,300,0
22,63,6
17,89,6
235,70,4
216,145,2
195,217,1
94,313,0
199,145,2
259,162,2
214,255,1
268,119,3
271,126,3
178,217,1
206,219,1
118,75,6
317,88,5
284,103,4
291,102,4
239,72,4
251,156,2
214,236,1
215,73,4
222,72,4
272,120,3
93,311,0
275,128,3
125,333,0
259,173,2
210,221,1
117,72,6
303,47,5
320,77,5
254,107,3
238,152,2
299,56,5
238,69,4
266,71,4
129,329,0
283,101,4
218,145,2
237,107,3
278,79,4
125,314,0
197,217,1
201,144,2
209,218,1
277,34,5
120,74,6
290,156,3
116,301,0
270,73,4
258,184,2
282,37,5
192,218,1
289,111,4
253,156,2
262,29,5
269,28,5
136,72,6
99,83,6
95,310,0
205,146,2
276,31,5
104,304,0
110,78,6
277,128,3
127,333,0
261,173,2
280,135,3
119,72,6
215,228,1
228,105,3
256,107,3
212,150,2
240,152,2
240,69,4
211,237,1
252,33,5
293,113,4
214,75,4
239,107,3
98,81,6
316,71,5
127,314,0
130,321,0
219,78,4
276,125,3
211,218,1
305,57,5
272,72,4
215,239,1
118,301,0
121,308,0
275,80,4
279,146,3
263,191,2
20,86,6
194,218,1
142,62,6
255,72,4
138,71,6
121,338,0
239,35,5
259,68,4
97,310,0
113,302,0
24,58,6
278,31,5
20,67,6
121,71,6
257,186,2
128,70,6
181,214,1
282,135,3
288,38,5
242,68,4
249,67,4
250,163,2
278,144,3
295,112,4
314,75,5
164,214,1
255,166,2
273,122,3
290,152,3
96,307,0
103,306,0
257,167,2
213,217,1
125,73,6
246,153,2
307,57,5
246,70,4
217,238,1
265,116,3
282,146,3
249,161,2
213,247,1
123,308,0
277,80,4
168,216,1
104,82,6
229,70,4
281,101,4
122,325,0
241,34,5
301,51,5
318,81,5
106,308,0
123,338,0
18,71,6
217,219,1
285,97,4
115,302,0
252,112,3
213,228,1
264,76,4
22,67,6
217,249,1
122,306,0
212,75,4
219,74,4
244,106,3
228,151,2
204,215,1
21,59,6
199,149,2
206,148,2
17,68,6
208,143,2
284,32,5
187,215,1
324,91,5
248,153,2
231,102,3
267,115,3
284,145,3
251,160,2
267,32,5
312,64,5
279,79,4
296,109,4
287,153,3
170,215,1
113,80,6
93,315,0
214,102,3
106,82,6
125,337,0
243,34,5
117,76,6
303,51,5
320,81,5
283,30,5
287,96,4
245,155,2
186,213,1
306,59,5
323,89,5
290,104,4
247,150,2
247,67,4
259,31,5
266,30,5
267,126,3
124,305,0
312,75,5
169,213,1
125,318,0
221,73,4
279,90,4
246,105,3
237,149,2
105,79,6
128,326,0
23,59,6
209,222,1
242,31,5
124,335,0
302,49,5
258,113,3
212,230,1
229,105,3
286,32,5
270,77,4
189,215,1
289,40,5
131,67,6
273,85,4
201,216,1
128,307,0
286,145,3
253,160,2
269,32,5
100,87,6
250,107,3
124,316,0
289,153,3
172,215,1
256,168,2
262,71,4
115,80,6
207,145,2
184,216,1
104,308,0
111,307,0
260,189,2
119,76,6
325,88,5
264,185,2
211,241,1
252,158,2
268,30,5
269,126,3
272,133,3
317,82,5
220,103,3
284,97,4
204,148,2
239,149,2
276,129,3
211,222,1
304,48,5
321,78,5
235,75,4
214,230,1
263,120,3
198,213,1
215,243,1
308,69,5
275,84,4
292,114,4
211,252,1
175,214,1
203,216,1
291,152,3
288,99,4
126,316,0
255,114,3
129,323,0
113,306,0
267,78,4
259,110,3
271,74,4
137,68,6
214,241,1
230,146,2
286,160,3
314,79,5
270,29,5
226,72,4
261,73,4
288,155,3
251,104,3
262,169,2
19,64,6
103,310,0
274,133,3
213,146,2
291,163,3
258,178,2
116,77,6
222,103,3
112,304,0
16,86,6
209,72,4
237,74,4
278,129,3
282,150,3
310,69,5
277,84,4
294,114,4
268,128,3
285,158,3
258,159,2
274,31,5
104,86,6
100,313,0
262,180,2
122,329,0
120,79,6
212,144,2
250,32,5
115,306,0
269,78,4
213,232,1
261,110,3
252,154,2
216,240,1
309,66,5
264,118,3
276,81,4
139,68,6
217,253,1
281,86,4
167,217,1
217,77,4
224,76,4
122,310,0
232,146,2
277,95,4
21,63,6
103,84,6
228,72,4
126,331,0
253,104,3
122,340,0
215,146,2
293,163,3
216,221,1
114,304,0
211,72,4
236,104,3
220,149,2
196,213,1
313,68,5
138,65,6
280,83,4
198,146,2
276,92,4
287,157,3
315,76,5
179,213,1
20,61,6
21,74,6
214,144,2
226,107,3
17,83,6
283,34,5
295,106,4
186,217,1
142,67,6
266,117,3
283,147,3
197,144,2
257,161,2
247,109,3
312,79,5
275,28,5
169,217,1
319,78,5
279,94,4
286,93,4
105,301,0
259,73,4
237,153,2
112,82,6
282,102,4
279,132,3
249,34,5
258,111,3
258,28,5
242,73,4
229,147,2
131,71,6
270,119,3
254,164,2
208,219,1
318,75,5
123,332,0
250,111,3
289,157,3
252,106,3
212,215,1
262,75,4
269,74,4
264,70,4
281,38,5
22,61,6
23,74,6
120,305,0
217,73,4
285,34,5
195,215,1
212,245,1
123,313,0
94,311,0
144,67,6
199,143,2
256,70,4
200,218,1
120,335,0
293,159,3
99,314,0
260,174,2
118,73,6
277,28,5
317,86,5
107,301,0
280,35,5
239,153,2
127,67,6
114,82,6
239,70,4
183,218,1
281,132,3
220,145,2
260,28,5
244,73,4
222,70,4
166,218,1
93,309,0
196,146,2
203,145,2
275,126,3
292,156,3
175,218,1
259,171,2
210,219,1
243,28,5
320,75,5
227,73,4
288,103,4
299,54,5
316,84,5
129,327,0
291,111,4
311,62,5
125,312,0
214,245,1
146,66,6
129,308,0
300,48,5
251,108,3
125,342,0
242,152,2
259,182,2
303,56,5
270,71,4
287,101,4
254,116,3
22,76,6
247,34,5
254,33,5
282,35,5
132,74,6
261,190,2
121,302,0
234,108,3
241,107,3
140,61,6
253,71,4
136,70,6
237,33,5
278,88,4
125,323,0
245,103,3
95,308,0
205,144,2
257,67,4
104,302,0
217,108,3
277,126,3
261,171,2
119,70,6
228,103,3
262,184,2
19,79,6
273,135,3
212,148,2
252,31,5
293,111,4
233,106,3
285,143,3
92,311,0
99,310,0
127,312,0
176,215,1
211,216,1
305,55,5
322,85,5
244,152,2
280,144,3
215,237,1
289,101,4
308,63,5
256,116,3
292,108,4
256,33,5
211,246,1
224,144,2
243,107,3
102,81,6
313,72,5
138,69,6
220,70,4
239,33,5
299,50,5
316,80,5
127,323,0
283,95,4
231,148,2
147,64,6
20,65,6
211,227,1
288,36,5
272,81,4
214,148,2
191,219,1
295,110,4
242,104,3
226,149,2
130,311,0
288,149,3
202,214,1
290,150,3
197,148,2
263,68,4
101,310,0
275,32,5
24,67,6
125,71,6
178,215,1
185,214,1
279,136,3
246,151,2
263,181,2
20,76,6
134,65,6
307,55,5
324,85,5
246,68,4
117,307,0
282,144,3
249,159,2
258,32,5
310,63,5
294,108,4
267,26,5
168,214,1
251,71,4
229,151,2
141,69,6
104,80,6
100,307,0
241,32,5
318,79,5
273,131,3
96,316,0
257,176,2
234,71,4
285,95,4
321,87,5
252,110,3
124,69,6
252,27,5
286,108,4
213,226,1
250,153,2
264,74,4
278,134,3
245,149,2
262,117,3
245,66,4
217,247,1
274,81,4
257,30,5
265,125,3
122,304,0
213,256,1
219,72,4
277,89,4
244,104,3
108,82,6
228,149,2
126,325,0
240,30,5
120,339,0
122,334,0
284,30,5
318,90,5
18,80,6
217,228,1
277,32,5
211,149,2
187,213,1
268,76,4
127,71,6
281,136,3
284,143,3
248,68,4
119,307,0
260,32,5
288,164,3
203,149,2
21,68,6
102,307,0
292,160,3
243,32,5
320,79,5
224,107,3
323,87,5
126,69,6
235,102,3
288,145,3
255,160,2
267,124,3
284,154,3
312,73,5
279,88,4
218,102,3
202,147,2
302,47,5
259,186,2
303,60,5
270,75,4
287,105,4
273,83,4
290,113,4
263,114,3
247,159,2
263,31,5
254,158,2
286,143,3
100,85,6
250,105,3
124,314,0
234,150,2
109,79,6
172,213,1
262,69,4
125,327,0
145,68,6
246,31,5
230,76,4
23,68,6
257,109,3
124,344,0
217,150,2
302,58,5
212,239,1
128,68,6
264,183,2
135,67,6
213,76,4
221,146,2
205,216,1
268,28,5
128,316,0
269,124,3
286,154,3
253,169,2
260,168,2
204,146,2
256,177,2
108,308,0
276,127,3
123,76,6
322,89,5
277,141,3
280,148,3
215,241,1
289,105,4
308,67,5
292,112,4
211,250,1
94,316,0
256,158,2
102,85,6
98,312,0
288,97,4
236,150,2
111,79,6
127,327,0
280,129,3
284,106,4
215,222,1
248,31,5
232,76,4
276,138,3
122,74,6
211,231,1
210,73,4
304,57,5
214,239,1
215,252,1
215,76,4
193,218,1
272,123,3
223,146,2
130,315,0
226,70,4
238,34,5
291,161,3
247,28,5
206,146,2
16,84,6
214,220,1
234,102,3
275,74,4
259,119,3
134,69,6
287,38,5
136,64,6
278,82,4
271,83,4
282,148,3
255,66,4
310,67,5
294,112,4
285,156,3
274,29,5
121,332,0
129,313,0
262,178,2
19,73,6
120,77,6
109,305,0
258,187,2
241,74,4
124,73,6
278,138,3
245,153,2
133,67,6
245,70,4
216,238,1
99,304,0
264,116,3
217,251,1
281,84,4
298,114,4
277,93,4
216,106,3
274,123,3
244,108,3
258,168,2
103,82,6
110,81,6
228,70,4
126,329,0
209,145,2
240,34,5
122,338,0
216,219,1
114,302,0
18,84,6
217,232,1
213,241,1
313,66,5
297,111,4
289,38,5
199,219,1
216,249,1
126,310,0
276,90,4
248,110,3
25,63,6
260,74,4
18,65,6
21,72,6
126,340,0
17,81,6
283,32,5
118,304,0
186,215,1
243,74,4
20,89,6
126,73,6
142,65,6
283,145,3
101,304,0
280,92,4
247,107,3
312,77,5
275,26,5
169,215,1
319,76,5
259,71,4
24,61,6
315,85,5
279,130,3
263,175,2
20,70,6
230,107,3
21,83,6
242,71,4
130,74,6
190,217,1
270,117,3
287,147,3
254,162,2
113,74,6
173,217,1
257,170,2
263,73,4
109,83,6
319,87,5
210,213,1
286,102,4
105,310,0
23,72,6
246,156,2
255,29,5
306,53,5
120,303,0
217,71,4
212,243,1
123,311,0
135,71,6
22,89,6
144,65,6
103,78,6
200,216,1
120,333,0
270,128,3
298,47,5
268,32,5
128,320,0
282,92,4
301,54,5
293,157,3
249,107,3
260,172,2
233,152,2
277,26,5
233,69,4
261,71,4
124,329,0
268,70,4
26,61,6
212,224,1
245,33,5
110,307,0
213,144,2
22,70,6
123,74,6
232,107,3
289,34,5
260,26,5
244,71,4
212,254,1
212,78,4
196,144,2
203,143,2
204,218,1
289,147,3
215,107,3
256,162,2
292,154,3
115,74,6
281,28,5
17,77,6
288,101,4
243,153,2
260,183,2
219,103,3
111,83,6
187,218,1
248,156,2
122,78,6
248,73,4
311,60,5
101,82,6
214,243,1
146,64,6
271,31,5
272,127,3
317,76,5
174,214,1
284,91,4
251,106,3
275,135,3
242,150,2
259,180,2
117,79,6
303,54,5
320,84,5
287,99,4
235,152,2
247,32,5
254,31,5
214,224,1
234,106,3
136,68,6
278,86,4
125,321,0
259,161,2
214,254,1
145,62,6
214,78,4
271,125,3
206,218,1
255,108,3
129,317,0
283,89,4
261,169,2
267,72,4
19,77,6
286,35,5
270,80,4
258,191,2
22,85,6
15,86,6
189,218,1
233,104,3
250,72,4
121,311,0
133,71,6
140,70,6
253,163,2
99,308,0
172,218,1
261,67,4
108,302,0
95,317,0
19,58,6
273,31,5
176,213,1
274,127,3
258,172,2
123,70,6
322,83,5
277,135,3
209,149,2
244,150,2
261,180,2
119,79,6
237,68,4
244,67,4
289,99,4
256,114,3
256,31,5
102,79,6
268,122,3
297,115,4
98,306,0
201,143,2
216,253,1
316,78,5
127,321,0
223,76,4
180,215,1
208,217,1
215,216,1
276,132,3
211,225,1
304,51,5
269,72,4
288,34,5
305,64,5
260,116,3
272,79,4
214,146,2
163,215,1
191,217,1
118,308,0
309,60,5
142,69,6
224,70,4
101,308,0
280,96,4
275,30,5
207,215,1
97,317,0
283,104,4
24,65,6
279,134,3
263,179,2
20,74,6
121,78,6
117,305,0
218,148,2
214,74,4
239,106,3
141,67,6
100,305,0
273,129,3
290,159,3
279,32,5
257,174,2
182,215,1
319,91,5
278,132,3
262,115,3
279,145,3
263,190,2
262,32,5
307,64,5
217,245,1
257,28,5
291,109,4
265,123,3
282,153,3
165,215,1
255,71,4
213,254,1
277,87,4
108,80,6
200,145,2
120,337,0
112,76,6
298,51,5
282,96,4
318,88,5
240,155,2
257,185,2
18,78,6
217,226,1
268,74,4
285,104,4
127,69,6
213,235,1
261,113,3
22,74,6
245,158,2
261,30,5
119,305,0
164,213,1
217,256,1
98,84,6
216,73,4
241,105,3
248,104,3
122,313,0
232,149,2
260,68,4
123,326,0
18,59,6
143,67,6
237,31,5
102,305,0
126,334,0
213,216,1
224,105,3
281,32,5
215,149,2
284,39,5
18,89,6
126,67,6
219,145,2
196,216,1
281,145,3
248,160,2
284,152,3
312,71,5
97,313,0
202,145,2
179,216,1
106,307,0
280,29,5
114,76,6
130,68,6
259,184,2
303,58,5
320,88,5
283,37,5
287,103,4
263,112,3
280,142,3
254,156,2
263,29,5
247,74,4
255,169,2
266,120,3
96,310,0
234,148,2
109,77,6
125,325,0
279,97,4
105,304,0
259,165,2
246,29,5
230,74,4
271,129,3
299,48,5
124,342,0
274,75,4
291,105,4
302,56,5
286,39,5
213,250,1
251,159,2
221,144,2
205,214,1
125,306,0
263,123,3
198,216,1
128,314,0
286,152,3
124,323,0
289,160,3
108,306,0
125,336,0
212,218,1
282,29,5
266,74,4
273,73,4
257,118,3
132,68,6
285,37,5
188,219,1
225,146,2
124,304,0
256,156,2
265,29,5
268,120,3
102,83,6
171,219,1
98,310,0
208,146,2
236,148,2
260,177,2
111,77,6
107,304,0
248,29,5
232,74,4
239,73,4
276,136,3
122,72,6
211,229,1
321,85,5
293,105,4
312,67,5
296,112,4
215,250,1
215,74,4
272,121,3
127,306,0
130,313,0
99,86,6
106,85,6
115,79,6
207,144,2
276,34,5
126,323,0
305,49,5
214,218,1
280,138,3
247,153,2
215,231,1
308,57,5
292,102,4
259,117,3
134,67,6
211,240,1
287,36,5
311,65,5
271,81,4
197,218,1
214,248,1
227,146,2
246,108,3
105,82,6
258,72,4
129,311,0
141,71,6
242,34,5
130,324,0
251,111,3
25,57,6
19,71,6
109,303,0
210,146,2
258,185,2
124,71,6
214,229,1
278,136,3
133,65,6
275,83,4
298,112,4
238,107,3
245,106,3
274,121,3
291,151,3
258,166,2
104,311,0
209,143,2
113,305,0
221,107,3
262,187,2
228,106,3
19,82,6
278,34,5
216,217,1
282,138,3
249,153,2
310,57,5
213,239,1
261,117,3
268,116,3
297,109,4
252,161,2
216,247,1
92,314,0
314,78,5
164,217,1
281,93,4
248,108,3
107,82,6
260,72,4
103,309,0
244,34,5
321,81,5
126,338,0
253,111,3
213,220,1
253,28,5
237,73,4
118,302,0
216,228,1
309,54,5
224,147,2
126,71,6
203,219,1
313,75,5
280,90,4
126,319,0
231,151,2
122,328,0
211,143,2
21,81,6
190,215,1
17,90,6
276,80,4
287,145,3
254,160,2
195,218,1
288,158,3
290,153,3
272,27,5
173,215,1
279,26,5
263,71,4
21,62,6
109,81,6
319,85,5
105,308,0
17,71,6
178,218,1
246,154,2
255,27,5
262,26,5
246,71,4
129,70,6
302,60,5
198,145,2
251,163,2
279,82,4
270,126,3
287,156,3
254,171,2
315,75,5
222,73,4
282,90,4
318,82,5
249,105,3
113,83,6
233,150,2
257,179,2
124,327,0
289,164,3
26,59,6
212,222,1
245,31,5
22,68,6
23,81,6
306,62,5
273,77,4
212,252,1
212,76,4
204,216,1
124,308,0
278,80,4
256,160,2
253,107,3
120,342,0
237,152,2
265,71,4
23,62,6
260,181,2
249,33,5
277,35,5
107,308,0
217,144,2
127,74,6
212,233,1
116,302,0
229,108,3
236,107,3
281,139,3
248,154,2
248,71,4
131,70,6
216,78,4
240,103,3
252,67,4
272,125,3
93,316,0
264,31,5
317,74,5
256,171,2
292,163,3
259,178,2
243,35,5
320,82,5
223,103,3
207,148,2
184,219,1
288,110,4
94,310,0
311,69,5
214,252,1
271,123,3
206,216,1
255,106,3
129,315,0
283,87,4
300,55,5
267,70,4
284,100,4
239,152,2
258,114,3
259,189,2
251,32,5
270,78,4
287,108,4
15,84,6
189,216,1
214,233,1
250,70,4
121,309,0
133,69,6
140,68,6
218,78,4
278,95,4
125,330,0
273,29,5
291,155,3
254,104,3
104,309,0
238,149,2
255,117,3
129,326,0
277,133,3
294,163,3
24,59,6
261,178,2
262,191,2
19,86,6
237,104,3
221,149,2
125,311,0
249,68,4
285,150,3
220,104,3
270,32,5
180,213,1
317,89,5
273,123,3
120,71,6
257,168,2
274,136,3
241,151,2
116,80,6
241,68,4
305,62,5
322,92,5
260,114,3
277,144,3
261,189,2
253,32,5
163,213,1
289,108,4
309,58,5
224,151,2
264,27,5
99,80,6
95,307,0
313,79,5
276,28,5
220,77,4
227,76,4
217,107,3
235,146,2
110,75,6
229,71,4
316,87,5
127,330,0
215,225,1
231,72,4
240,149,2
259,28,5
218,146,2
252,30,5
214,72,4
239,104,3
223,149,2
141,65,6
276,84,4
290,157,3
279,30,5
263,75,4
222,104,3
206,149,2
182,213,1
16,87,6
284,33,5
121,305,0
279,143,3
246,158,2
263,188,2
243,68,4
262,30,5
134,72,6
20,83,6
324,92,5
282,151,3
165,213,1
255,69,4
294,115,4
138,68,6
104,305,0
198,149,2
97,307,0
287,160,3
100,314,0
315,79,5
278,28,5
257,183,2
250,33,5
285,102,4
213,233,1
250,160,2
261,111,3
278,141,3
245,156,2
261,28,5
295,109,4
245,73,4
119,303,0
217,254,1
274,88,4
281,87,4
123,324,0
257,164,2
143,65,6
228,73,4
286,96,4
213,214,1
18,87,6
217,235,1
265,113,3
249,158,2
196,214,1
213,244,1
123,305,0
281,143,3
231,107,3
22,83,6
126,313,0
229,150,2
147,67,6
241,31,5
301,48,5
106,305,0
123,335,0
18,68,6
280,27,5
252,109,3
320,86,5
264,73,4
208,76,4
186,218,1
247,72,4
288,152,3
105,302,0
199,146,2
271,127,3
307,58,5
324,88,5
291,103,4
284,142,3
251,157,2
312,61,5
296,106,4
263,121,3
113,77,6
250,112,3
124,321,0
234,74,4
275,129,3
125,334,0
210,222,1
117,73,6
303,48,5
254,108,3
238,153,2
23,75,6
282,27,5
306,56,5
238,70,4
283,102,4
290,101,4
257,116,3
132,66,6
217,74,4
285,35,5
225,144,2
128,75,6
210,76,4
267,123,3
237,108,3
265,27,5
125,315,0
221,70,4
279,87,4
246,102,3
230,147,2
128,323,0
286,161,3
208,144,2
293,160,3
209,219,1
242,28,5
107,302,0
124,332,0
212,227,1
229,102,3
213,147,2
122,70,6
231,103,3
192,219,1
273,82,4
286,142,3
253,157,2
269,29,5
196,147,2
106,83,6
256,165,2
175,219,1
205,147,2
115,77,6
276,32,5
219,106,3
236,74,4
127,334,0
280,136,3
119,73,6
215,229,1
308,55,5
325,85,5
256,108,3
240,153,2
264,182,2
240,70,4
211,238,1
259,32,5
252,34,5
214,246,1
239,108,3
272,130,3
98,82,6
316,72,5
223,70,4
130,322,0
251,109,3
210,144,2
276,126,3
211,219,1
222,108,3
126,332,0
16,91,6
214,227,1
215,240,1
308,66,5
275,81,4
292,111,4
194,219,1
211,249,1
278,89,4
258,164,2
121,339,0
177,219,1
113,303,0
262,185,2
19,80,6
278,32,5
128,71,6
181,215,1
15,89,6
271,71,4
282,136,3
130,66,6
137,65,6
261,115,3
285,144,3
261,32,5
242,107,3
92,312,0
314,76,5
270,26,5
164,215,1
281,91,4
254,71,4
255,167,2
19,61,6
238,33,5
107,80,6
176,216,1
103,307,0
274,130,3
258,175,2
116,74,6
321,79,5
286,94,4
225,107,3
237,71,4
216,226,1
18,91,6
217,239,1
265,117,3
249,162,2
310,66,5
196,218,1
213,248,1
277,81,4
313,73,5
220,71,4
168,217,1
216,256,1
126,317,0
104,83,6
231,149,2
281,102,4
122,326,0
241,35,5
123,339,0
18,72,6
304,60,5
115,303,0
212,216,1
216,237,1
309,63,5
264,115,3
276,78,4
139,65,6
167,214,1
195,216,1
202,215,1
212,246,1
122,307,0
219,75,4
244,107,3
101,311,0
280,99,4
21,60,6
256,71,4
105,306,0
24,68,6
17,69,6
178,216,1
122,337,0
260,175,2
118,74,6
263,182,2
20,77,6
227,107,3
21,90,6
129,68,6
284,146,3
198,143,2
199,218,1
312,65,5
270,124,3
287,154,3
254,169,2
315,73,5
113,81,6
279,35,5
20,58,6
214,103,3
21,71,6
182,218,1
286,109,4
250,154,2
226,104,3
283,31,5
243,156,2
262,118,3
23,79,6
306,60,5
323,90,5
290,105,4
217,78,4
255,163,2
266,114,3
266,31,5
311,63,5
267,127,3
169,214,1
103,85,6
279,91,4
246,106,3
253,105,3
120,340,0
237,150,2
112,79,6
298,54,5
315,84,5
265,69,4
128,327,0
282,99,4
293,164,3
23,60,6
242,32,5
249,31,5
277,33,5
124,336,0
302,50,5
212,231,1
229,106,3
281,137,3
220,150,2
22,77,6
131,68,6
273,86,4
216,76,4
140,62,6
201,217,1
128,308,0
289,154,3
245,104,3
256,169,2
115,81,6
207,146,2
281,35,5
22,58,6
17,84,6
184,217,1
260,190,2
188,213,1
135,70,6
94,308,0
256,67,4
214,250,1
268,31,5
171,213,1
260,171,2
272,134,3
118,70,6
300,53,5
317,83,5
284,98,4
239,150,2
114,79,6
259,187,2
251,30,5
110,306,0
214,231,1
222,150,2
292,115,4
211,253,1
218,76,4
278,93,4
275,123,3
292,153,3
259,168,2
203,217,1
210,216,1
145,69,6
291,153,3
238,147,2
288,100,4
299,51,5
255,115,3
129,324,0
294,161,3
262,189,2
19,84,6
125,309,0
137,69,6
146,63,6
209,213,1
270,30,5
277,29,5
226,73,4
261,74,4
262,170,2
19,65,6
120,69,6
290,151,3
274,134,3
281,133,3
254,113,3
291,164,3
258,179,2
116,78,6
112,305,0
277,142,3
261,187,2
253,30,5
209,73,4
237,75,4
234,105,3
289,106,4
136,67,6
313,77,5
220,75,4
217,105,3
285,159,3
98,313,0
127,328,0
261,168,2
231,70,4
273,132,3
212,145,2
240,147,2
257,177,2
252,28,5
293,108,4
252,155,2
223,147,2
216,241,1
309,67,5
127,309,0
264,119,3
276,82,4
202,219,1
95,316,0
219,73,4
211,213,1
110,84,6
305,52,5
244,149,2
24,72,6
247,156,2
256,113,3
263,186,2
20,81,6
194,213,1
114,305,0
211,73,4
236,105,3
243,104,3
255,67,4
227,149,2
138,66,6
280,84,4
121,333,0
276,93,4
278,26,5
210,149,2
20,62,6
288,33,5
272,78,4
214,145,2
250,158,2
226,108,3
278,139,3
295,107,4
262,122,3
298,115,4
255,161,2
283,148,3
197,145,2
257,162,2
319,79,5
275,29,5
120,344,0
125,68,6
112,83,6
282,103,4
279,133,3
121,77,6
307,52,5
217,233,1
249,156,2
258,29,5
242,74,4
213,242,1
123,303,0
277,75,4
261,120,3
229,148,2
100,304,0
147,65,6
208,220,1
241,29,5
318,76,5
225,74,4
123,333,0
18,66,6
285,92,4
252,107,3
269,75,4
213,223,1
264,71,4
281,39,5
22,62,6
208,74,4
216,144,2
126,74,6
122,301,0
235,107,3
123,314,0
199,144,2
200,219,1
207,218,1
301,57,5
123,344,0
324,86,5
268,73,4
280,36,5
127,68,6
259,191,2
183,219,1
190,218,1
284,140,3
123,77,6
251,155,2
267,27,5
312,59,5
251,72,4
260,29,5
244,74,4
288,161,3
166,219,1
93,310,0
203,146,2
106,77,6
102,304,0
275,127,3
292,157,3
259,172,2
243,29,5
117,71,6
320,76,5
276,26,5
227,74,4
316,85,5
238,68,4
323,84,5
280,130,3
307,67,5
215,223,1
274,82,4
291,112,4
259,26,5
210,74,4
267,121,3
284,151,3
125,313,0
279,85,4
101,85,6
128,321,0
209,217,1
124,330,0
258,108,3
125,343,0
242,153,2
303,57,5
270,72,4
254,34,5
282,36,5
289,35,5
306,65,5
273,80,4
290,110,4
121,303,0
241,108,3
253,155,2
269,27,5
100,82,6
253,72,4
250,102,3
124,311,0
234,147,2
289,148,3
136,71,6
237,34,5
104,303,0
111,302,0
128,332,0
224,108,3
98,317,0
236,72,4
217,147,2
119,71,6
293,112,4
233,107,3
240,106,3
252,153,2
269,121,3
253,166,2
99,311,0
127,313,0
204,143,2
216,107,3
223,106,3
276,124,3
211,217,1
305,56,5
214,225,1
244,153,2
263,115,3
280,145,3
215,238,1
308,64,5
256,117,3
292,109,4
194,217,1
211,247,1
243,108,3
102,82,6
171,218,1
126,311,0
236,147,2
255,109,3
129,318,0
239,34,5
316,81,5
283,96,4
248,111,3
267,73,4
215,219,1
25,64,6
211,228,1
304,54,5
288,37,5
272,82,4
198,219,1
133,72,6
193,215,1
275,90,4
286,155,3
242,105,3
226,150,2
130,312,0
254,69,4
19,59,6
238,31,5
274,128,3
291,158,3
258,173,2
206,143,2
209,150,2
266,77,4
185,215,1
19,89,6
287,35,5
265,115,3
282,145,3
249,160,2
310,64,5
277,79,4
294,109,4
285,153,3
274,26,5
168,215,1
258,71,4
104,81,6
111,80,6
180,216,1
281,100,4
100,308,0
262,175,2
113,75,6
173,218,1
96,317,0
18,70,6
241,154,2
250,27,5
234,72,4
241,71,4
321,88,5
115,301,0
269,73,4
124,70,6
213,227,1
245,150,2
306,54,5
245,67,4
216,235,1
208,78,4
309,61,5
264,113,3
139,63,6
217,248,1
257,31,5
217,72,4
224,71,4
122,305,0
277,90,4
244,105,3
200,148,2
228,150,2
235,149,2
103,79,6
126,326,0
240,31,5
231,75,4
122,335,0
293,158,3
216,216,1
227,105,3
18,81,6
211,150,2
21,88,6
268,77,4
212,225,1
313,63,5
297,108,4
199,216,1
216,246,1
276,87,4
287,152,3
248,107,3
260,71,4
279,33,5
109,306,0
21,69,6
182,216,1
102,308,0
17,78,6
283,29,5
243,154,2
260,184,2
243,71,4
255,34,5
323,88,5
288,146,3
283,142,3
266,29,5
267,125,3
284,155,3
247,104,3
312,74,5
279,89,4
287,163,3
112,77,6
315,82,5
218,103,3
282,97,4
23,58,6
233,74,4
230,104,3
302,48,5
289,39,5
273,84,4
254,159,2
201,215,1
266,123,3
250,106,3
96,313,0
124,315,0
234,151,2
289,152,3
109,80,6
262,70,4
253,114,3
246,32,5
281,33,5
111,306,0
23,69,6
120,300,0
257,110,3
212,240,1
281,146,3
128,69,6
135,68,6
213,77,4
144,62,6
205,217,1
200,213,1
120,330,0
268,29,5
249,104,3
99,309,0
260,169,2
317,81,5
261,68,4
289,163,3
26,58,6
239,148,2
114,77,6
110,304,0
235,74,4
232,104,3
216,149,2
192,213,1
244,68,4
94,317,0
215,104,3
256,159,2
175,213,1
259,166,2
268,123,3
271,130,3
288,98,4
236,151,2
255,113,3
255,30,5
291,106,4
304,58,5
311,57,5
163,216,1
214,240,1
146,61,6
271,28,5
215,77,4
222,76,4
193,219,1
272,124,3
251,103,3
259,177,2
291,162,3
254,111,3
247,29,5
288,109,4
254,28,5
282,30,5
238,73,4
112,303,0
266,75,4
234,103,3
225,147,2
218,149,2
287,39,5
136,65,6
278,83,4
285,157,3
274,30,5
201,148,2
177,213,1
261,166,2
262,179,2
19,74,6
273,130,3
290,160,3
120,78,6
116,305,0
258,188,2
293,106,4
250,69,4
99,305,0
309,65,5
127,307,0
264,117,3
99,87,6
224,75,4
95,314,0
273,28,5
257,73,4
235,153,2
110,82,6
305,50,5
322,80,5
277,132,3
261,177,2
280,139,3
256,111,3
256,28,5
240,73,4
243,102,3
227,147,2
313,67,5
280,82,4
297,112,4
239,28,5
216,250,1
316,75,5
127,318,0
223,73,4
276,91,4
283,90,4
208,214,1
20,60,6
305,61,5
126,341,0
260,113,3
272,76,4
191,214,1
118,305,0
284,40,5
121,312,0
20,90,6
142,66,6
197,143,2
101,305,0
247,108,3
121,342,0
275,27,5
259,72,4
97,314,0
24,62,6
278,35,5
279,131,3
263,176,2
20,71,6
121,75,6
181,218,1
117,302,0
230,108,3
282,139,3
258,27,5
310,58,5
242,72,4
295,116,4
251,66,4
141,64,6
164,218,1
318,74,5
225,72,4
273,126,3
96,311,0
257,171,2
319,88,5
286,103,4
213,221,1
281,37,5
262,112,3
246,157,2
307,61,5
246,74,4
217,242,1
274,76,4
265,120,3
213,251,1
123,312,0
108,77,6
144,66,6
229,74,4
207,216,1
120,334,0
301,55,5
318,85,5
249,108,3
123,342,0
18,75,6
217,223,1
277,27,5
268,71,4
285,101,4
26,62,6
110,308,0
220,144,2
22,71,6
119,302,0
232,108,3
260,27,5
241,102,3
123,323,0
203,144,2
143,64,6
204,219,1
102,302,0
215,108,3
292,155,3
320,74,5
224,102,3
208,147,2
284,36,5
187,219,1
291,110,4
255,155,2
248,157,2
231,106,3
267,119,3
284,149,3
251,164,2
312,68,5
296,113,4
101,83,6
170,219,1
271,32,5
214,106,3
106,86,6
280,26,5
174,215,1
275,136,3
125,341,0
242,151,2
259,181,2
117,80,6
303,55,5
320,85,5
287,100,4
254,115,3
254,32,5
306,63,5
290,108,4
247,154,2
263,26,5
215,232,1
247,71,4
225,151,2
100,80,6
124,309,0
234,145,2
218,70,4
237,32,5
125,322,0
221,77,4
246,109,3
145,63,6
230,71,4
128,330,0
23,63,6
124,339,0
217,145,2
302,53,5
258,117,3
212,234,1
286,36,5
270,81,4
22,86,6
189,219,1
293,110,4
240,104,3
250,73,4
128,311,0
269,119,3
286,149,3
252,68,4
140,71,6
253,164,2
124,320,0
172,219,1
256,172,2
108,303,0
273,32,5
183,213,1
104,312,0
123,71,6
322,84,5
277,136,3
132,65,6
261,181,2
188,216,1
289,100,4
325,92,5
256,115,3
128,74,6
264,189,2
256,32,5
211,245,1
265,26,5
249,71,4
227,151,2
102,80,6
171,216,1
98,307,0
111,74,6
239,32,5
316,79,5
127,322,0
220,107,3
215,217,1
232,71,4
276,133,3
122,69,6
211,226,1
304,52,5
321,82,5
288,35,5
305,65,5
260,117,3
214,234,1
272,80,4
191,218,1
198,217,1
215,247,1
275,88,4
211,256,1
130,310,0
238,29,5
291,156,3
126,320,0
214,215,1
283,105,4
308,54,5
259,114,3
287,33,5
117,306,0
271,78,4
282,143,3
137,72,6
190,216,1
197,215,1
294,107,4
230,150,2
168,213,1
258,69,4
141,68,6
226,76,4
100,306,0
288,159,3
262,173,2
19,68,6
109,300,0
210,143,2
274,137,3
213,150,2
258,182,2
222,107,3
241,69,4
16,90,6
124,68,6
209,76,4
278,133,3
245,148,2
307,65,5
217,246,1
257,29,5
298,109,4
264,28,5
265,124,3
238,104,3
277,88,4
108,81,6
200,146,2
258,163,2
228,148,2
177,218,1
240,29,5
221,104,3
122,333,0
18,79,6
217,227,1
285,105,4
213,236,1
261,114,3
261,31,5
199,214,1
216,244,1
126,305,0
264,122,3
276,85,4
98,85,6
281,90,4
241,106,3
248,105,3
232,150,2
107,79,6
260,69,4
123,327,0
18,60,6
143,68,6
244,31,5
21,67,6
228,76,4
126,335,0
224,106,3
122,344,0
215,150,2
216,225,1
243,69,4
18,90,6
126,68,6
211,76,4
219,146,2
196,217,1
283,140,3
280,87,4
284,153,3
247,102,3
259,66,4
287,161,3
202,146,2
179,217,1
21,78,6
280,30,5
130,69,6
17,87,6
283,38,5
306,67,5
290,112,4
254,157,2
263,30,5
255,170,2
266,121,3
283,151,3
166,213,1
257,165,2
234,149,2
109,78,6
319,82,5
262,68,4
279,98,4
286,97,4
105,305,0
246,30,5
230,75,4
23,67,6
124,343,0
217,149,2
129,67,6
302,57,5
213,75,4
205,215,1
270,123,3
240,108,3
254,168,2
140,69,6
128,315,0
282,87,4
252,72,4
286,153,3
249,102,3
233,147,2
261,66,4
124,324,0
278,96,4
289,161,3
212,219,1
245,28,5
110,302,0
22,65,6
232,102,3
23,78,6
216,147,2
273,74,4
120,309,0
257,119,3
132,69,6
285,38,5
195,219,1
212,249,1
212,73,4
204,213,1
94,315,0
256,157,2
285,151,3
17,72,6
265,68,4
243,148,2
260,178,2
111,78,6
118,77,6
107,305,0
248,30,5
232,75,4
239,74,4
248,151,2
122,73,6
214,238,1
271,26,5
215,75,4
222,74,4
272,122,3
93,313,0
317,71,5
275,130,3
259,175,2
210,223,1
117,74,6
287,94,4
235,147,2
110,76,6
288,107,4
238,71,4
214,219,1
231,73,4
308,58,5
292,103,4
218,147,2
311,66,5
271,82,4
278,81,4
125,316,0
197,219,1
214,249,1
214,73,4
271,120,3
105,83,6
206,213,1
129,312,0
242,35,5
300,52,5
130,325,0
251,112,3
25,58,6
262,177,2
19,72,6
242,156,2
251,29,5
116,303,0
258,186,2
22,80,6
189,213,1
250,67,4
222,149,2
133,66,6
140,65,6
226,144,2
278,92,4
238,108,3
95,312,0
245,107,3
205,148,2
273,26,5
274,122,3
257,71,4
258,167,2
277,130,3
294,160,3
209,144,2
261,175,2
119,74,6
221,108,3
262,188,2
228,107,3
19,83,6
257,184,2
256,26,5
240,71,4
293,115,4
250,161,2
313,65,5
268,117,3
285,147,3
297,110,4
252,162,2
216,248,1
92,315,0
127,316,0
284,101,4
273,120,3
107,83,6
176,219,1
211,220,1
241,148,2
305,59,5
260,111,3
244,156,2
253,29,5
118,303,0
216,229,1
309,55,5
224,148,2
142,64,6
313,76,5
220,74,4
101,303,0
280,91,4
247,106,3
259,70,4
97,312,0
283,99,4
231,152,2
24,60,6
231,69,4
301,49,5
263,174,2
20,69,6
117,300,0
211,144,2
21,82,6
288,40,5
17,91,6
295,114,4
141,62,6
202,218,1
290,154,3
279,27,5
263,72,4
116,81,6
319,86,5
24,71,6
278,127,3
125,75,6
178,219,1
185,218,1
279,140,3
246,155,2
263,185,2
255,28,5
262,27,5
20,80,6
307,59,5
324,89,5
246,72,4
291,104,4
129,71,6
168,218,1
144,64,6
104,84,6
229,72,4
270,127,3
120,332,0
100,311,0
282,91,4
318,83,5
240,150,2
257,180,2
217,221,1
285,99,4
252,114,3
26,60,6
245,32,5
213,230,1
250,157,2
22,69,6
254,26,5
262,121,3
119,300,0
232,106,3
274,85,4
122,308,0
123,321,0
212,77,4
219,76,4
143,62,6
204,217,1
253,108,3
120,343,0
281,27,5
265,72,4
187,217,1
127,75,6
123,302,0
236,108,3
281,140,3
248,155,2
231,104,3
284,147,3
248,72,4
119,311,0
97,308,0
106,302,0
93,317,0
214,104,3
106,84,6
102,311,0
275,134,3
292,164,3
259,179,2
320,83,5
276,33,5
287,98,4
323,91,5
238,75,4
280,137,3
235,106,3
247,69,4
255,164,2
125,320,0
279,92,4
218,106,3
230,69,4
271,124,3
206,217,1
316,73,5
300,56,5
302,51,5
258,115,3
259,190,2
286,34,5
270,79,4
287,109,4
251,154,2
189,217,1
263,118,3
128,309,0
286,147,3
250,109,3
124,318,0
172,217,1
108,301,0
125,331,0
212,213,1
262,73,4
254,105,3
121,340,0
238,150,2
123,69,6
266,69,4
294,164,3
257,113,3
261,179,2
119,78,6
285,32,5
188,214,1
289,98,4
128,72,6
264,187,2
237,105,3
221,150,2
249,69,4
256,68,4
269,128,3
286,158,3
209,216,1
127,320,0
220,105,3
232,69,4
273,124,3
276,131,3
321,80,5
192,216,1
305,63,5
260,115,3
296,107,4
215,245,1
289,109,4
292,116,4
253,154,2
269,26,5
211,254,1
99,81,6
106,80,6
175,216,1
203,218,1
276,29,5
98,316,0
126,318,0
236,71,4
316,88,5
127,331,0
283,103,4
280,133,3
215,226,1
308,52,5
259,112,3
276,142,3
259,29,5
211,235,1
210,77,4
304,61,5
321,91,5
271,76,4
215,256,1
105,77,6
239,105,3
223,150,2
141,66,6
242,29,5
130,319,0
226,74,4
222,105,3
16,88,6
282,39,5
278,131,3
284,34,5
121,306,0
275,78,4
20,84,6
194,216,1
282,152,3
238,102,3
255,70,4
294,116,4
108,79,6
258,161,2
104,306,0
121,336,0
177,216,1
113,300,0
221,102,3
262,182,2
278,29,5
121,69,6
217,225,1
250,34,5
282,133,3
124,77,6
213,234,1
261,112,3
278,142,3
285,141,3
245,157,2
252,156,2
261,29,5
245,74,4
216,242,1
264,120,3
314,73,5
217,255,1
274,89,4
281,88,4
254,68,4
248,103,3
232,148,2
107,77,6
103,304,0
143,66,6
244,29,5
103,86,6
228,74,4
225,104,3
126,333,0
253,106,3
213,215,1
122,342,0
216,223,1
114,306,0
18,88,6
217,236,1
265,114,3
211,74,4
196,215,1
203,214,1
213,245,1
277,78,4
280,85,4
126,314,0
231,146,2
281,99,4
179,215,1
106,306,0
123,336,0
18,69,6
21,76,6
115,300,0
271,72,4
126,344,0
130,67,6
17,85,6
283,36,5
208,77,4
186,219,1
276,75,4
195,213,1
288,153,3
283,149,3
21,57,6
109,76,6
319,80,5
169,219,1
105,303,0
230,73,4
227,104,3
21,87,6
239,68,4
302,55,5
251,158,2
267,30,5
312,62,5
263,122,3
270,121,3
287,151,3
170,213,1
254,166,2
128,313,0
113,78,6
233,145,2
124,322,0
250,30,5
234,75,4
286,106,4
23,76,6
255,33,5
306,57,5
273,72,4
290,102,4
120,307,0
257,117,3
217,75,4
285,36,5
212,247,1
266,28,5
124,303,0
144,69,6
256,72,4
246,103,3
230,148,2
237,147,2
128,324,0
286,162,3
249,111,3
293,161,3
23,57,6
260,176,2
209,220,1
249,28,5
277,30,5
233,73,4
107,303,0
124,333,0
261,75,4
212,228,1
229,103,3
236,102,3
213,148,2
220,147,2
248,66,4
23,87,6
260,30,5
209,74,4
201,214,1
253,158,2
269,30,5
196,148,2
203,147,2
264,26,5
289,151,3
256,166,2
292,158,3
115,78,6
207,143,2
184,214,1
111,305,0
288,105,4
243,157,2
260,187,2
219,107,3
236,75,4
214,217,1
325,86,5
311,64,5
101,86,6
214,247,1
271,118,3
146,68,6
105,81,6
272,131,3
129,310,0
300,50,5
317,80,5
174,218,1
284,95,4
239,147,2
251,110,3
275,139,3
242,154,2
251,27,5
235,73,4
214,228,1
121,304,0
222,147,2
275,82,4
218,73,4
278,90,4
245,105,3
257,69,4
258,165,2
255,112,3
129,321,0
294,158,3
113,304,0
267,76,4
262,186,2
19,81,6
15,90,6
137,66,6
285,145,3
252,160,2
242,108,3
92,313,0
99,312,0
264,124,3
270,27,5
254,72,4
19,62,6
290,148,3
257,163,2
176,217,1
103,308,0
274,131,3
258,176,2
116,75,6
322,87,5
112,302,0
225,108,3
277,139,3
244,154,2
261,184,2
253,27,5
237,72,4
289,103,4
256,118,3
246,66,4
224,146,2
313,74,5
220,72,4
217,102,3
268,126,3
280,89,4
201,147,2
316,82,5
127,325,0
231,150,2
180,219,1
208,221,1
215,220,1
269,76,4
260,120,3
272,83,4
214,150,2
163,219,1
223,144,2
309,64,5
276,79,4
139,66,6
167,215,1
224,74,4
202,216,1
263,70,4
101,312,0
319,84,5
24,69,6
17,70,6
185,216,1
215,144,2
279,138,3
263,183,2
20,78,6
324,87,5
227,108,3
21,91,6
138,63,6
267,28,5
198,144,2
121,330,0
287,155,3
100,309,0
315,74,5
282,89,4
290,163,3
279,36,5
20,59,6
257,178,2
182,219,1
250,155,2
226,105,3
245,151,2
262,119,3
245,68,4
307,68,5
274,83,4
291,113,4
165,219,1
266,115,3
257,159,2
266,32,5
108,84,6
200,149,2
120,341,0
237,151,2
112,80,6
265,70,4
282,100,4
249,32,5
18,82,6
217,230,1
268,78,4
258,109,3
258,26,5
127,73,6
236,106,3
281,138,3
22,78,6
248,70,4
119,309,0
126,308,0
229,145,2
216,77,4
140,63,6
201,218,1
147,62,6
318,73,5
225,71,4
106,300,0
123,330,0
18,63,6
289,155,3
252,104,3
102,309,0
292,162,3
264,68,4
281,36,5
22,59,6
184,218,1
260,191,2
235,104,3
288,147,3
219,149,2
281,149,3
284,156,3
218,104,3
271,122,3
202,149,2
178,213,1
206,215,1
118,71,6
307,53,5
317,84,5
280,33,5
114,80,6
130,72,6
259,188,2
183,216,1
303,62,5
320,92,5
287,107,4
251,152,2
251,69,4
263,116,3
255,173,2
166,216,1
96,314,0
234,152,2
218,77,4
234,69,4
275,124,3
125,329,0
259,169,2
210,217,1
227,71,4
246,33,5
238,148,2
299,52,5
306,51,5
283,97,4
294,162,3
257,111,3
274,79,4
267,118,3
237,103,3
221,148,2
125,310,0
128,318,0
286,156,3
209,214,1
125,340,0
281,134,3
254,114,3
123,78,6
282,33,5
192,214,1
322,91,5
277,143,3
132,72,6
261,188,2
289,107,4
225,150,2
253,69,4
221,76,4
115,72,6
102,87,6
276,27,5
217,106,3
98,314,0
208,150,2
236,152,2
236,69,4
316,86,5
277,124,3
127,329,0
280,131,3
215,224,1
248,33,5
273,133,3
212,146,2
240,148,2
276,140,3
122,76,6
211,233,1
304,59,5
321,89,5
252,29,5
293,109,4
296,116,4
215,254,1
269,118,3
215,78,4
239,103,3
223,148,2
127,310,0
130,317,0
216,104,3
211,214,1
126,327,0
305,53,5
214,222,1
247,157,2
215,235,1
308,61,5
275,76,4
292,106,4
134,71,6
194,214,1
211,244,1
287,40,5
243,105,3
255,68,4
227,150,2
145,66,6
105,86,6
121,334,0
239,31,5
177,214,1
283,93,4
25,61,6
19,75,6
278,27,5
109,307,0
210,150,2
128,66,6
258,189,2
124,75,6
233,108,3
278,140,3
261,27,5
295,108,4
275,87,4
245,72,4
242,102,3
253,167,2
226,147,2
314,71,5
298,116,4
254,66,4
255,162,2
103,302,0
197,146,2
274,125,3
258,170,2
225,102,3
209,147,2
213,213,1
125,69,6
18,86,6
217,234,1
282,142,3
249,157,2
258,30,5
310,61,5
213,243,1
277,76,4
294,106,4
261,121,3
297,113,4
252,165,2
216,251,1
126,312,0
229,149,2
104,78,6
314,82,5
281,97,4
147,66,6
241,30,5
107,86,6
318,77,5
225,75,4
123,334,0
18,67,6
285,93,4
304,55,5
126,342,0
213,224,1
264,72,4
118,306,0
216,232,1
208,75,4
126,75,6
122,302,0
235,108,3
288,151,3
135,69,6
123,315,0
219,70,4
244,102,3
280,94,4
228,147,2
256,66,4
206,144,2
207,219,1
240,28,5
218,108,3
122,332,0
260,170,2
227,102,3
211,147,2
21,85,6
280,37,5
190,219,1
284,141,3
199,213,1
312,60,5
287,149,3
288,162,3
113,76,6
272,31,5
173,219,1
21,66,6
106,78,6
109,85,6
319,89,5
234,73,4
243,30,5
17,75,6
227,75,4
243,151,2
255,31,5
306,55,5
323,85,5
290,100,4
257,115,3
129,74,6
257,32,5
255,158,2
283,139,3
259,27,5
266,26,5
210,75,4
311,58,5
267,122,3
279,86,4
270,130,3
112,74,6
298,49,5
128,322,0
282,94,4
249,109,3
233,71,4
124,331,0
26,63,6
212,226,1
125,344,0
245,35,5
22,72,6
23,85,6
289,36,5
306,66,5
273,81,4
290,111,4
216,71,4
212,256,1
286,141,3
100,83,6
250,103,3
124,312,0
289,149,3
237,35,5
256,164,2
262,67,4
115,76,6
