imagecol, imagerow, cluster.init
176,210,2
144,288,1
217,114,4
111,303,0
285,75,5
201,159,3
171,144,3
131,44,6
112,202,2
155,189,2
107,312,0
257,148,4
183,108,4
261,218,4
196,10,6
115,231,1
108,325,0
110,320,0
220,197,3
257,227,4
176,240,2
215,224,3
114,44,6
143,256,1
219,52,5
253,133,4
264,177,4
122,235,1
94,36,6
235,120,4
202,52,5
110,301,0
184,19,6
220,178,3
214,192,3
187,110,4
308,114,5
206,156,3
300,78,5
90,293,0
146,47,6
178,229,2
251,55,5
170,193,2
214,222,3
308,144,5
211,165,3
154,155,3
157,42,6
89,248,1
149,265,1
93,34,6
305,166,5
145,274,1
215,10,6
193,152,3
93,244,1
146,287,1
109,236,1
137,238,1
287,74,5
304,104,5
178,210,2
149,295,1
238,51,5
203,159,3
173,144,3
263,217,4
189,16,6
179,47,5
157,189,2
174,219,2
141,234,1
198,10,6
304,134,5
226,117,4
178,240,2
145,255,1
88,245,1
266,176,4
146,268,1
140,189,2
148,263,1
258,140,4
168,25,6
109,292,0
263,198,4
177,19,6
291,76,5
145,285,1
262,161,4
112,300,0
137,45,6
266,206,4
242,53,5
113,313,0
177,146,3
161,191,2
189,110,4
310,114,5
273,63,5
92,292,0
99,291,0
109,322,0
148,244,1
253,55,5
153,147,3
160,146,3
254,130,4
137,192,2
144,191,2
128,236,1
310,144,5
156,155,3
165,28,6
172,27,6
216,172,3
241,121,4
167,149,3
217,9,6
147,274,1
257,223,4
176,143,3
127,191,2
111,236,1
205,158,3
188,107,4
216,202,3
212,49,5
240,51,5
217,215,3
91,290,0
131,187,2
159,143,3
180,239,2
94,236,1
228,117,4
309,141,5
212,162,3
260,189,4
155,152,3
216,232,3
171,24,6
195,49,5
147,255,1
223,51,5
90,245,1
304,168,5
99,35,6
172,204,2
207,13,6
215,108,4
75,303,0
305,181,5
260,140,4
199,153,3
216,183,3
200,52,5
304,119,5
178,49,5
147,285,1
296,83,5
86,298,0
150,292,1
139,45,6
244,53,5
190,13,6
174,234,2
191,109,4
198,108,4
309,122,5
260,170,4
183,52,5
101,291,0
191,147,3
159,33,6
146,190,2
218,221,3
130,235,1
287,70,5
255,226,4
259,137,4
134,46,6
150,273,1
207,107,4
214,106,4
304,179,5
218,172,3
292,73,5
243,121,4
80,300,0
113,235,1
181,113,4
178,143,3
162,188,2
272,65,5
141,50,6
190,107,4
218,202,3
251,137,4
152,149,3
210,166,3
121,42,6
226,50,5
254,145,4
161,143,3
164,30,6
145,188,2
262,64,5
129,233,1
310,159,5
214,162,3
218,232,3
173,24,6
197,49,5
306,168,5
101,35,6
104,42,6
177,211,2
266,60,5
307,181,5
209,50,5
103,239,1
128,188,2
295,75,5
221,14,6
306,119,5
112,233,1
298,83,5
222,111,4
265,177,4
168,198,2
153,46,6
258,54,5
234,118,4
91,38,6
177,109,4
74,305,0
213,14,6
139,234,1
306,100,5
309,107,5
260,155,4
216,105,4
116,197,2
264,200,4
200,150,3
100,242,1
306,179,5
294,73,5
297,80,5
265,158,4
196,14,6
147,41,6
115,235,1
245,50,5
260,185,4
110,324,0
205,8,6
220,201,3
164,188,2
183,150,3
143,50,6
167,195,2
262,180,4
264,181,4
95,40,6
123,42,6
228,50,5
256,145,4
309,167,5
260,215,4
147,188,2
220,231,3
175,23,6
126,50,6
212,12,6
131,233,1
235,124,4
184,17,6
110,305,0
220,182,3
264,211,4
106,42,6
186,18,6
268,60,5
211,50,5
271,67,5
195,12,6
114,233,1
196,108,4
300,82,5
219,199,3
106,290,0
220,212,3
214,226,3
194,50,5
308,148,5
179,108,4
198,154,3
219,229,3
82,291,0
89,290,0
239,126,4
76,305,0
272,61,5
218,105,4
308,178,5
174,148,3
134,189,2
202,150,3
219,180,3
215,52,5
243,54,5
186,112,4
96,293,0
214,207,3
149,40,6
308,129,5
198,14,6
158,34,6
145,49,6
307,92,5
150,149,3
157,148,3
185,150,3
191,53,5
169,195,2
88,249,1
303,101,5
162,30,6
113,198,2
148,267,1
238,123,4
262,214,4
105,230,1
140,231,1
258,223,4
117,194,2
124,193,2
222,107,4
145,289,1
262,165,4
144,252,1
185,48,5
146,247,1
303,82,5
205,106,4
273,67,5
250,138,4
261,182,4
197,12,6
254,59,5
148,248,1
91,238,1
189,152,3
262,195,4
173,197,2
176,204,2
104,298,0
111,297,0
234,51,5
96,37,6
262,146,4
212,110,4
153,189,2
107,306,0
257,142,4
148,278,1
265,61,5
241,125,4
108,319,0
262,225,4
140,242,1
104,328,0
261,163,4
217,51,5
262,176,4
188,111,4
120,234,1
98,293,0
151,40,6
219,214,3
159,147,3
217,164,3
160,34,6
108,300,0
305,100,5
179,206,2
171,28,6
172,208,2
180,22,6
204,47,5
175,215,2
239,48,5
240,123,4
77,302,0
216,11,6
223,10,6
107,230,1
305,130,5
219,195,3
126,193,2
179,236,2
227,114,4
211,159,3
187,47,5
150,37,6
199,11,6
206,10,6
191,151,3
175,196,2
219,225,3
256,59,5
93,238,1
146,281,1
175,113,4
105,35,6
178,204,2
78,296,0
305,111,5
309,156,5
260,204,4
179,217,2
236,51,5
98,37,6
134,50,6
174,213,2
150,277,1
214,110,4
304,183,5
175,226,2
142,241,1
292,77,5
299,76,5
263,162,4
226,111,4
145,45,6
145,249,1
219,113,4
154,39,6
279,68,5
146,262,1
203,13,6
150,48,6
206,104,4
190,149,3
263,192,4
128,45,6
109,203,2
174,194,2
152,191,2
146,292,1
136,236,1
113,307,0
254,228,4
154,186,2
161,185,2
173,28,6
133,48,6
189,104,4
242,122,4
109,316,0
259,152,4
146,243,1
245,130,4
113,40,6
128,192,2
263,173,4
213,158,3
193,17,6
137,186,2
278,66,5
189,47,5
125,48,6
217,179,3
258,58,5
201,48,5
95,237,1
165,149,3
109,297,0
177,113,4
87,294,0
307,111,5
217,209,3
306,183,5
132,194,2
177,226,2
250,52,5
144,241,1
180,233,2
297,84,5
265,162,4
228,111,4
252,53,5
147,249,1
103,292,0
213,169,3
205,12,6
156,39,6
208,103,4
305,175,5
115,194,2
192,148,3
205,50,5
99,239,1
144,271,1
257,56,5
176,110,4
265,192,4
111,203,2
195,156,3
235,53,5
79,293,0
86,292,0
260,219,4
309,171,5
180,214,2
204,156,3
256,228,4
175,148,3
135,48,6
176,223,2
301,86,5
264,160,4
195,16,6
155,36,6
227,47,5
171,201,2
204,10,6
106,294,0
260,200,4
196,150,3
259,216,4
178,16,6
260,58,5
215,188,3
187,10,6
89,294,0
106,324,0
179,150,3
259,167,4
218,196,3
251,131,4
307,145,5
215,218,3
255,59,5
105,291,0
158,38,6
307,96,5
215,169,3
302,92,5
193,52,5
307,175,5
166,146,3
218,177,3
150,191,2
101,239,1
113,202,2
178,110,4
185,109,4
88,291,0
105,321,0
238,127,4
303,184,5
259,227,4
197,156,3
307,126,5
209,163,3
177,241,2
133,191,2
144,256,1
117,236,1
152,154,3
148,42,6
303,86,5
307,156,5
230,121,4
261,186,4
197,16,6
213,8,6
157,36,6
91,242,1
149,259,1
306,94,5
173,201,2
176,208,2
144,286,1
100,236,1
217,112,4
111,301,0
285,73,5
265,207,4
201,157,3
107,310,0
261,216,4
144,237,1
295,80,5
180,53,5
108,323,0
221,108,4
189,10,6
140,246,1
176,238,2
261,167,4
165,195,2
143,254,1
253,131,4
264,175,4
95,34,6
144,267,1
122,233,1
204,108,4
256,139,4
220,225,3
107,291,0
261,197,4
289,75,5
108,304,0
110,299,0
220,176,3
264,205,4
159,189,2
176,219,2
111,312,0
261,148,4
168,146,3
187,108,4
215,203,3
269,67,5
143,235,1
196,102,4
90,291,0
107,321,0
240,127,4
261,227,4
220,206,3
211,163,3
135,191,2
215,233,3
119,236,1
126,235,1
217,228,3
214,171,3
166,34,6
232,121,4
215,8,6
174,21,6
308,172,5
167,143,3
183,15,6
178,208,2
102,236,1
184,111,4
305,115,5
203,157,3
220,187,3
214,201,3
308,123,5
198,8,6
117,41,6
182,53,5
223,108,4
300,87,5
226,115,4
248,57,5
110,43,6
178,238,2
305,145,5
145,253,1
170,202,2
186,49,5
304,83,5
308,153,5
163,37,6
97,34,6
149,274,1
206,108,4
73,302,0
190,153,3
263,196,4
174,198,2
291,74,5
308,104,5
145,283,1
266,204,4
146,296,1
242,51,5
294,82,5
113,311,0
177,144,3
161,189,2
178,219,2
189,108,4
174,228,2
141,243,1
148,242,1
198,102,4
182,147,3
245,134,4
166,192,2
299,91,5
225,51,5
92,245,1
263,177,4
144,189,2
128,234,1
145,264,1
255,141,4
266,185,4
156,153,3
165,26,6
172,25,6
112,196,2
96,241,1
258,149,4
201,52,5
109,301,0
257,221,4
145,294,1
112,309,0
205,156,3
188,105,4
185,15,6
270,64,5
113,322,0
217,213,3
310,123,5
249,136,4
180,237,2
228,115,4
212,160,3
143,187,2
216,230,3
147,253,1
209,107,4
103,296,0
99,33,6
172,202,2
310,153,5
75,301,0
305,179,5
216,181,3
102,41,6
257,60,5
264,59,5
200,50,5
217,194,3
108,237,1
293,74,5
147,283,1
192,107,4
86,296,0
220,109,4
120,201,2
204,154,3
180,218,2
244,51,5
95,290,0
309,120,5
260,168,4
216,211,3
217,224,3
304,147,5
159,31,6
232,117,4
305,160,5
216,162,3
159,152,3
155,40,6
227,51,5
94,245,1
304,98,5
212,171,3
204,14,6
211,13,6
147,264,1
196,154,3
150,271,1
304,177,5
114,196,2
204,52,5
98,241,1
309,101,5
260,149,4
110,205,2
304,128,5
187,14,6
194,13,6
162,186,2
218,200,3
304,158,5
134,235,1
145,186,2
129,231,1
218,230,3
211,107,4
101,33,6
296,73,5
266,58,5
307,179,5
218,181,3
174,48,5
185,113,4
243,130,4
306,117,5
105,325,0
166,188,2
186,12,6
194,107,4
247,125,4
97,290,0
218,211,3
125,42,6
153,44,6
158,144,3
306,147,5
142,189,2
149,188,2
133,233,1
307,160,5
237,124,4
170,25,6
306,98,5
310,168,5
108,42,6
306,177,5
125,189,2
132,188,2
160,190,2
109,234,1
116,233,1
144,235,1
306,128,5
143,48,6
172,198,2
189,52,5
99,233,1
233,114,4
95,38,6
200,46,5
228,48,5
306,158,5
256,143,4
309,165,5
212,10,6
213,106,4
120,197,2
256,222,4
100,41,6
139,243,1
309,116,5
260,164,4
110,303,0
264,209,4
200,159,3
176,47,5
268,58,5
301,80,5
262,159,4
144,42,6
249,50,5
143,239,1
195,10,6
196,106,4
187,150,3
87,242,1
171,195,2
220,210,3
252,133,4
127,42,6
232,50,5
264,190,4
151,188,2
179,23,6
135,233,1
138,240,1
239,124,4
212,104,4
85,297,0
308,176,5
174,146,3
219,178,3
208,51,5
215,50,5
243,52,5
110,314,0
186,110,4
220,191,3
214,205,3
118,233,1
195,104,4
158,32,6
219,46,5
117,45,6
300,91,5
157,146,3
219,208,3
141,191,2
191,51,5
198,50,5
106,299,0
210,14,6
169,27,6
150,185,2
101,233,1
308,157,5
238,121,4
97,38,6
202,46,5
307,120,5
214,186,3
214,10,6
109,39,6
215,106,4
82,300,0
177,235,2
218,114,4
202,159,3
303,80,5
214,216,3
197,10,6
254,57,5
148,246,1
198,106,4
154,149,3
299,89,5
189,150,3
262,193,4
89,242,1
108,204,2
173,195,2
92,249,1
234,49,5
96,35,6
76,295,0
262,144,4
79,302,0
153,187,2
257,140,4
109,230,1
132,49,6
137,232,1
148,276,1
108,317,0
258,153,4
302,182,5
262,223,4
121,194,2
149,289,1
105,239,1
140,240,1
290,76,5
261,161,4
136,45,6
217,49,5
262,174,4
112,313,0
201,11,6
120,232,1
277,67,5
188,147,3
217,162,3
261,191,4
107,202,2
148,257,1
108,298,0
91,247,1
262,204,4
143,191,2
233,47,5
258,213,4
152,185,2
180,20,6
269,61,5
136,230,1
240,121,4
257,151,4
217,192,3
108,328,0
219,193,3
126,191,2
216,47,5
110,236,1
250,128,4
261,172,4
119,230,1
95,294,0
201,105,4
216,215,3
175,194,2
219,223,3
94,39,6
256,57,5
175,111,4
217,173,3
184,105,4
78,294,0
305,109,5
219,174,3
179,215,2
236,49,5
98,35,6
244,123,4
180,114,4
81,302,0
214,108,4
304,181,5
220,11,6
175,224,2
309,105,5
260,153,4
115,41,6
123,194,2
224,115,4
208,160,3
191,47,5
154,37,6
146,260,1
211,168,3
203,11,6
150,46,6
305,90,5
309,135,5
206,102,4
260,183,4
155,146,3
190,147,3
196,50,5
90,239,1
231,119,4
304,162,5
175,205,2
167,27,6
93,247,1
146,290,1
235,47,5
260,213,4
179,226,2
263,220,4
182,20,6
146,241,1
129,190,2
296,77,5
150,286,1
141,237,1
175,235,2
247,54,5
142,250,1
299,85,5
263,171,4
193,15,6
218,47,5
104,292,0
255,135,4
202,9,6
146,271,1
203,105,4
97,294,0
288,71,5
258,56,5
165,147,3
109,295,0
263,201,4
133,237,1
177,111,4
158,186,2
130,49,6
137,48,6
80,294,0
113,316,0
263,152,4
210,47,5
92,295,0
259,161,4
242,131,4
132,192,2
249,130,4
141,44,6
222,11,6
181,145,3
125,231,1
193,109,4
96,291,0
103,290,0
153,150,3
213,167,3
156,37,6
254,139,4
165,31,6
262,58,5
124,44,6
205,48,5
99,237,1
307,90,5
113,297,0
257,54,5
164,145,3
217,188,3
148,190,2
111,201,2
176,25,6
108,231,1
217,12,6
306,162,5
309,169,5
104,36,6
177,205,2
120,195,2
180,212,2
221,8,6
122,196,2
212,52,5
240,54,5
131,190,2
298,77,5
301,84,5
225,112,4
305,154,5
209,157,3
144,250,1
180,242,2
155,34,6
265,171,4
171,199,2
204,8,6
188,53,5
195,52,5
260,198,4
196,148,3
261,56,5
98,235,1
74,299,0
115,203,2
176,202,2
144,280,1
83,293,0
304,122,5
265,201,4
103,34,6
106,322,0
212,108,4
219,107,4
260,228,4
179,148,3
139,48,6
163,193,2
180,223,2
174,237,2
167,189,2
215,216,3
224,48,5
301,95,5
195,108,4
202,107,4
208,10,6
186,152,3
127,231,1
86,244,1
215,167,3
109,310,0
259,146,4
166,144,3
126,44,6
218,175,3
150,189,2
101,237,1
231,52,5
178,108,4
191,10,6
259,225,4
106,36,6
215,197,3
109,43,6
177,239,2
133,189,2
214,52,5
117,234,1
303,84,5
307,154,5
230,119,4
157,34,6
306,92,5
259,206,4
307,105,5
197,52,5
100,234,1
198,148,3
302,101,5
182,110,4
307,184,5
177,220,2
295,78,5
306,122,5
105,330,0
246,55,5
140,244,1
307,135,5
247,130,4
165,193,2
121,236,1
152,42,6
144,265,1
234,121,4
302,82,5
265,186,4
161,36,6
169,189,2
188,151,3
307,165,5
107,289,0
261,195,4
104,236,1
289,73,5
149,268,1
306,103,5
116,200,2
176,217,2
144,295,1
233,51,5
111,310,0
84,290,0
168,144,3
265,216,4
258,217,4
152,189,2
269,65,5
107,319,0
264,154,4
261,225,4
180,145,3
216,51,5
250,132,4
261,176,4
92,35,6
135,189,2
200,13,6
126,233,1
253,140,4
264,184,4
176,198,2
215,182,3
107,300,0
217,177,3
261,206,4
183,13,6
184,109,4
220,185,3
257,215,4
268,63,5
87,292,0
94,291,0
111,321,0
244,127,4
215,212,3
107,330,0
115,45,6
217,207,3
248,55,5
110,41,6
305,143,5
139,191,2
151,155,3
308,151,5
163,35,6
252,51,5
305,94,5
236,121,4
206,106,4
73,300,0
162,149,3
190,151,3
214,180,3
97,242,1
174,196,2
308,102,5
305,173,5
171,143,3
216,175,3
155,188,2
106,236,1
146,294,1
183,107,4
77,296,0
118,200,2
178,217,2
235,51,5
86,290,0
179,230,2
219,13,6
129,194,2
174,226,2
247,52,5
308,132,5
175,239,2
138,188,2
149,253,1
223,117,4
150,152,3
190,49,5
145,262,1
255,139,4
266,183,4
202,13,6
146,275,1
259,60,5
210,108,4
96,239,1
304,92,5
230,52,5
194,153,3
288,75,5
149,283,1
105,233,1
290,70,5
109,299,0
263,205,4
174,207,2
145,292,1
262,168,4
112,307,0
185,13,6
270,62,5
113,320,0
146,46,6
145,243,1
178,52,5
310,121,5
249,134,4
109,329,0
148,251,1
125,235,1
282,70,5
209,105,4
103,294,0
153,154,3
109,197,2
254,137,4
145,273,1
310,151,5
193,151,3
266,194,4
165,35,6
112,205,2
205,52,5
113,301,0
108,235,1
173,143,3
192,105,4
176,150,3
274,64,5
136,50,6
244,49,5
185,107,4
112,318,0
216,209,3
217,222,3
116,42,6
131,194,2
151,43,6
221,50,5
310,132,5
232,115,4
216,160,3
140,188,2
213,231,3
155,38,6
124,233,1
168,24,6
212,169,3
147,262,1
237,118,4
114,194,2
164,33,6
261,60,5
204,50,5
98,239,1
309,99,5
260,147,4
216,190,3
188,12,6
216,14,6
110,203,2
107,233,1
217,203,3
304,126,5
208,154,3
103,38,6
110,37,6
305,139,5
147,292,1
180,227,2
174,241,2
187,50,5
260,177,4
216,220,3
253,54,5
147,243,1
199,14,6
231,113,4
304,156,5
159,40,6
93,37,6
305,169,5
208,14,6
304,107,5
211,105,4
195,150,3
150,280,1
114,205,2
218,179,3
174,222,2
243,128,4
260,158,4
191,14,6
259,229,4
159,187,2
138,49,6
194,105,4
215,201,3
178,150,3
279,71,5
218,209,3
230,48,5
118,42,6
142,187,2
149,186,2
223,50,5
133,231,1
150,261,1
283,67,5
304,167,5
161,150,3
215,231,3
170,23,6
177,22,6
259,210,4
179,17,6
101,42,6
181,18,6
206,50,5
310,117,5
109,325,0
218,190,3
190,12,6
275,61,5
306,126,5
214,199,3
101,290,0
247,134,4
254,133,4
172,196,2
255,53,5
189,50,5
310,147,5
218,220,3
302,86,5
158,153,3
306,156,5
161,40,6
177,199,2
214,229,3
307,169,5
147,277,1
213,104,4
306,107,5
303,178,5
197,150,3
113,234,1
200,157,3
84,294,0
91,293,0
265,165,4
180,149,3
140,49,6
147,48,6
152,148,3
309,144,5
136,193,2
164,195,2
281,71,5
252,131,4
232,48,5
92,243,1
264,188,4
151,186,2
110,199,2
209,11,6
135,231,1
217,106,4
201,151,3
260,222,4
119,193,2
103,238,1
180,47,5
110,312,0
220,189,3
192,11,6
176,232,2
118,231,1
111,325,0
184,151,3
195,102,4
143,248,1
264,169,4
280,68,5
106,297,0
256,133,4
220,219,3
308,155,5
252,142,4
260,61,5
236,125,4
110,293,0
73,304,0
179,115,4
214,8,6
82,298,0
259,170,4
183,111,4
190,110,4
218,112,4
202,157,3
219,187,3
93,293,0
214,214,3
154,147,3
215,227,3
138,192,2
307,99,5
214,165,3
166,28,6
175,22,6
177,214,2
162,37,6
137,230,1
235,123,4
308,166,5
302,180,5
211,11,6
218,10,6
121,192,2
179,209,2
105,237,1
290,74,5
214,195,3
308,117,5
271,66,5
222,114,4
145,296,1
262,172,4
206,159,3
182,47,5
300,81,5
194,11,6
251,58,5
148,45,6
303,89,5
170,196,2
148,255,1
282,68,5
108,296,0
262,202,4
100,35,6
173,204,2
258,211,4
145,277,1
76,304,0
262,153,4
193,155,3
266,198,4
257,149,4
294,76,5
148,285,1
108,326,0
221,111,4
140,45,6
261,170,4
164,191,2
201,103,4
262,183,4
112,322,0
185,149,3
123,45,6
88,248,1
256,55,5
140,192,2
147,191,2
217,171,3
131,236,1
108,307,0
262,213,4
168,28,6
156,185,2
219,172,3
184,20,6
128,48,6
237,122,4
244,121,4
261,151,4
220,9,6
310,166,5
108,40,6
123,192,2
188,16,6
213,48,5
107,237,1
114,236,1
224,113,4
208,158,3
219,202,3
273,66,5
99,294,0
211,166,3
203,9,6
163,29,6
305,88,5
162,143,3
216,224,3
253,58,5
122,43,6
196,48,5
231,117,4
175,203,2
219,232,3
82,294,0
93,245,1
102,35,6
78,303,0
305,118,5
179,224,2
146,239,1
179,48,5
150,284,1
175,233,2
142,248,1
299,83,5
260,162,4
223,111,4
309,114,5
207,156,3
154,46,6
169,198,2
146,269,1
203,103,4
186,52,5
159,146,3
187,148,3
194,147,3
94,239,1
288,69,5
305,99,5
260,192,4
263,199,4
90,248,1
150,265,1
81,292,0
304,171,5
177,26,6
117,197,2
175,214,2
239,47,5
137,46,6
242,54,5
113,314,0
263,150,4
170,148,3
161,192,2
109,323,0
146,250,1
150,295,1
190,16,6
222,47,5
275,65,5
210,158,3
193,107,4
263,180,4
153,148,3
101,294,0
165,29,6
262,56,5
124,42,6
164,143,3
218,224,3
148,188,2
255,229,4
109,304,0
259,140,4
134,49,6
177,203,2
257,224,4
267,59,5
80,303,0
246,131,4
217,216,3
131,188,2
225,110,4
209,155,3
177,233,2
197,109,4
100,291,0
265,169,4
153,38,6
160,37,6
212,163,3
252,60,5
309,148,5
213,176,3
180,108,4
115,201,2
310,162,5
83,291,0
265,199,4
306,171,5
79,300,0
260,226,4
309,178,5
139,46,6
180,221,2
244,54,5
128,191,2
229,112,4
309,129,5
159,34,6
224,46,5
301,93,5
208,8,6
192,53,5
144,259,1
155,43,6
304,101,5
265,180,4
95,236,1
106,301,0
309,159,5
260,207,4
126,42,6
150,187,2
231,50,5
139,237,1
176,211,2
175,53,5
216,108,4
111,304,0
265,210,4
215,195,3
187,17,6
264,148,4
214,50,5
248,131,4
297,83,5
90,34,6
199,108,4
167,198,2
215,225,3
284,74,5
102,291,0
105,298,0
214,163,3
215,176,3
154,189,2
138,234,1
182,108,4
242,125,4
259,155,4
175,26,6
85,291,0
105,328,0
113,43,6
307,133,5
247,128,4
215,206,3
130,190,2
137,189,2
121,234,1
234,119,4
302,80,5
161,34,6
303,93,5
307,163,5
210,8,6
194,53,5
157,43,6
104,234,1
149,266,1
306,101,5
303,172,5
259,215,4
173,208,2
97,236,1
116,198,2
263,64,5
307,114,5
144,293,1
233,49,5
198,157,3
177,229,2
250,55,5
144,244,1
177,53,5
105,42,6
112,41,6
108,330,0
221,115,4
129,188,2
188,47,5
307,144,5
261,174,4
92,33,6
181,49,5
200,11,6
253,138,4
192,151,3
176,196,2
144,274,1
302,91,5
265,195,4
286,74,5
213,109,4
107,298,0
261,204,4
237,51,5
108,311,0
88,290,0
262,217,4
172,144,3
156,189,2
264,212,4
140,234,1
176,226,2
176,50,5
268,61,5
111,319,0
261,155,4
258,226,4
184,145,3
143,242,1
177,147,3
107,328,0
264,163,4
115,43,6
213,52,5
87,245,1
220,51,5
248,53,5
139,189,2
220,213,3
123,234,1
205,109,4
261,185,4
200,105,4
151,153,3
91,241,1
236,119,4
264,193,4
122,47,6
196,52,5
203,51,5
111,300,0
180,14,6
174,28,6
155,186,2
106,234,1
272,62,5
107,309,0
183,105,4
77,294,0
217,186,3
174,149,3
118,198,2
265,64,5
305,122,5
220,194,3
219,11,6
179,52,5
111,330,0
308,130,5
114,41,6
175,237,2
138,186,2
212,50,5
219,49,5
223,115,4
207,160,3
214,159,3
150,150,3
190,47,5
305,152,5
219,217,3
94,33,6
202,11,6
146,273,1
259,58,5
210,106,4
162,31,6
304,90,5
194,151,3
308,160,5
305,103,5
105,231,1
263,203,4
214,189,3
174,205,2
187,107,4
81,296,0
308,111,5
215,109,4
305,182,5
199,154,3
175,218,2
239,51,5
77,305,0
113,318,0
304,120,5
146,44,6
178,226,2
251,52,5
145,241,1
179,239,2
170,190,2
146,254,1
174,235,2
154,152,3
150,40,6
222,51,5
89,245,1
149,262,1
263,184,4
206,13,6
234,52,5
145,271,1
262,147,4
193,149,3
266,192,4
153,190,2
112,203,2
146,284,1
137,235,1
113,299,0
287,71,5
149,292,1
238,48,5
109,308,0
263,214,4
182,14,6
189,13,6
257,228,4
157,186,2
274,62,5
136,48,6
112,316,0
263,165,4
226,114,4
217,220,3
116,40,6
145,252,1
221,48,5
310,130,5
266,173,4
140,186,2
213,229,3
124,231,1
131,230,1
258,137,4
237,116,4
261,58,5
112,297,0
310,160,5
266,203,4
216,188,3
136,239,1
188,10,6
107,231,1
217,201,3
189,107,4
293,81,5
310,111,5
92,289,0
147,290,1
180,225,2
245,133,4
216,218,3
253,52,5
147,241,1
144,188,2
217,231,3
159,38,6
310,141,5
305,167,5
156,152,3
216,169,3
304,105,5
211,103,4
78,297,0
176,19,6
195,148,3
201,51,5
102,239,1
236,52,5
147,271,1
127,188,2
220,14,6
114,203,2
111,233,1
174,220,2
139,235,1
205,155,3
292,78,5
260,156,4
309,108,5
107,38,6
216,199,3
123,197,2
240,48,5
304,135,5
265,214,4
184,51,5
162,193,2
180,236,2
304,86,5
228,114,4
90,38,6
223,48,5
150,259,1
304,165,5
207,10,6
208,106,4
199,150,3
304,116,5
181,16,6
206,48,5
296,80,5
163,187,2
218,188,3
142,49,6
190,10,6
141,246,1
191,106,4
182,150,3
166,195,2
186,19,6
304,146,5
247,132,4
254,131,4
215,210,3
186,146,3
146,187,2
218,218,3
227,50,5
130,232,1
234,123,4
158,151,3
255,223,4
307,167,5
177,114,4
218,169,3
170,32,6
129,45,6
306,105,5
80,297,0
303,176,5
169,146,3
259,219,4
197,148,3
214,178,3
210,50,5
113,232,1
181,110,4
84,292,0
306,184,5
222,14,6
125,196,2
190,104,4
218,199,3
112,45,6
251,134,4
245,55,5
306,135,5
214,208,3
136,191,2
307,148,5
226,47,5
230,113,4
172,205,2
164,27,6
145,185,2
149,251,1
233,121,4
197,46,5
209,9,6
302,95,5
306,165,5
104,39,6
307,178,5
147,286,1
103,236,1
204,157,3
149,281,1
306,116,5
88,294,0
143,295,1
309,123,5
264,216,4
246,49,5
298,80,5
184,149,3
144,49,6
249,57,5
143,246,1
168,195,2
87,249,1
205,107,4
309,153,5
260,201,4
229,49,5
91,35,6
148,249,1
207,108,4
74,302,0
213,11,6
252,140,4
127,49,6
132,232,1
139,231,1
110,291,0
264,197,4
212,111,4
131,45,6
107,313,0
248,125,4
196,11,6
115,232,1
199,102,4
93,291,0
110,321,0
220,198,3
183,147,3
176,241,2
167,192,2
114,45,6
86,247,1
264,178,4
166,26,6
228,47,5
122,236,1
256,142,4
101,36,6
259,149,4
147,185,2
166,147,3
220,228,3
175,20,6
101,240,1
235,121,4
308,164,5
218,8,6
105,235,1
220,179,3
214,193,3
106,39,6
186,15,6
211,47,5
187,111,4
271,64,5
222,112,4
206,157,3
114,230,1
300,79,5
219,196,3
251,56,5
303,87,5
170,194,2
214,223,3
308,145,5
89,249,1
173,202,2
307,108,5
214,174,3
93,35,6
308,96,5
175,114,4
76,302,0
125,192,2
193,153,3
109,237,1
137,239,1
294,74,5
308,175,5
148,283,1
134,186,2
149,296,1
164,189,2
299,77,5
262,181,4
198,11,6
112,320,0
117,44,6
145,46,6
92,237,1
152,45,6
144,268,1
226,118,4
185,147,3
141,190,2
169,192,2
88,246,1
230,46,5
131,234,1
148,264,1
108,305,0
258,141,4
262,211,4
149,277,1
128,46,6
261,149,4
168,147,3
258,220,4
177,20,6
124,190,2
262,162,4
136,237,1
112,301,0
266,207,4
188,14,6
213,46,5
148,294,1
189,111,4
205,103,4
99,292,0
273,64,5
250,135,4
148,245,1
135,192,2
262,192,4
216,222,3
253,56,5
260,55,5
160,147,3
104,295,0
310,145,5
82,292,0
172,28,6
257,139,4
132,48,6
241,122,4
108,316,0
184,112,4
78,301,0
219,181,3
87,295,0
244,130,4
176,144,3
127,192,2
217,48,5
188,108,4
223,109,4
216,203,3
207,154,3
91,291,0
98,290,0
151,37,6
219,211,3
159,144,3
160,31,6
94,237,1
252,54,5
305,97,5
155,153,3
216,233,3
171,25,6
90,246,1
174,199,2
150,263,1
304,169,5
115,195,2
175,212,2
260,141,4
240,120,4
77,299,0
216,8,6
207,52,5
126,190,2
179,233,2
110,235,1
146,248,1
296,84,5
220,112,4
150,293,1
211,156,3
122,199,2
175,242,2
275,63,5
260,171,4
263,178,4
199,8,6
183,53,5
190,52,5
191,148,3
146,278,1
171,202,2
255,227,4
109,302,0
134,47,6
263,208,4
150,274,1
214,107,4
142,238,1
243,122,4
80,301,0
246,129,4
263,159,4
178,144,3
259,168,4
154,36,6
146,259,1
190,108,4
197,107,4
100,289,0
218,203,3
210,167,3
263,189,4
121,43,6
109,200,2
226,51,5
254,146,4
161,144,3
145,189,2
129,234,1
307,97,5
257,61,5
217,195,3
254,225,4
173,25,6
108,238,1
306,169,5
242,119,4
104,43,6
177,212,2
209,51,5
128,189,2
112,234,1
307,127,5
298,84,5
209,164,3
177,242,2
192,51,5
265,178,4
258,55,5
309,157,5
260,205,4
196,155,3
98,38,6
98,242,1
100,33,6
216,106,4
83,300,0
200,151,3
265,208,4
241,55,5
103,41,6
106,329,0
219,114,4
160,193,2
144,238,1
180,230,2
297,81,5
248,129,4
265,159,4
147,42,6
199,106,4
260,186,4
205,9,6
183,151,3
167,196,2
284,72,5
102,289,0
99,236,1
265,189,4
111,200,2
215,174,3
154,187,2
228,51,5
95,245,1
138,232,1
309,168,5
260,216,4
259,153,4
147,189,2
256,225,4
175,145,3
184,18,6
191,17,6
159,190,2
247,126,4
106,43,6
211,51,5
301,83,5
195,13,6
171,198,2
158,145,3
142,190,2
106,291,0
303,91,5
283,70,5
194,51,5
259,213,4
179,109,4
307,112,5
263,62,5
198,155,3
215,185,3
174,22,6
181,21,6
89,291,0
239,127,4
259,164,4
177,227,2
177,51,5
251,128,4
134,190,2
202,151,3
243,55,5
307,142,5
96,294,0
158,35,6
307,93,5
144,272,1
257,57,5
157,149,3
302,89,5
185,151,3
198,53,5
169,196,2
286,72,5
303,102,5
307,172,5
79,294,0
169,30,6
113,199,2
120,198,2
129,50,6
237,49,5
306,110,5
238,124,4
262,215,4
156,187,2
307,123,5
140,232,1
261,153,4
84,297,0
258,224,4
109,42,6
124,194,2
144,43,6
242,52,5
143,240,1
133,188,2
144,253,1
87,243,1
123,232,1
307,153,5
250,139,4
200,103,4
261,183,4
197,13,6
91,239,1
306,91,5
225,52,5
262,196,4
264,191,4
176,205,2
144,283,1
100,233,1
285,70,5
111,298,0
107,307,0
257,143,4
261,213,4
180,50,5
265,62,5
108,320,0
220,192,3
257,222,4
176,235,2
111,328,0
104,329,0
261,164,4
217,52,5
143,251,1
219,47,5
264,172,4
207,158,3
277,70,5
122,230,1
98,294,0
204,105,4
188,150,3
217,165,3
160,35,6
107,205,2
305,101,5
178,111,4
184,14,6
220,173,3
187,105,4
81,294,0
308,109,5
180,23,6
239,49,5
240,124,4
183,114,4
77,303,0
223,11,6
178,224,2
305,131,5
126,194,2
179,237,2
227,115,4
308,139,5
211,160,3
154,150,3
150,38,6
222,49,5
89,243,1
305,82,5
206,11,6
166,31,6
232,118,4
219,226,3
193,147,3
199,50,5
93,239,1
146,282,1
109,231,1
287,69,5
304,99,5
105,36,6
178,205,2
211,14,6
102,233,1
121,195,2
305,112,5
149,290,1
203,154,3
179,218,2
263,212,4
174,214,2
308,120,5
185,20,6
142,242,1
182,50,5
226,112,4
194,14,6
178,235,2
145,250,1
266,171,4
154,40,6
146,263,1
148,258,1
206,105,4
190,150,3
263,193,4
109,204,2
134,236,1
145,280,1
262,156,4
112,295,0
266,201,4
146,293,1
113,308,0
254,229,4
161,186,2
133,49,6
189,105,4
310,109,5
109,317,0
141,240,1
245,131,4
112,325,0
225,48,5
144,186,2
217,229,3
128,231,1
278,67,5
310,139,5
266,182,4
156,150,3
172,22,6
216,167,3
96,238,1
217,180,3
168,31,6
201,49,5
208,48,5
147,269,1
257,218,4
220,12,6
111,231,1
104,325,0
112,306,0
205,153,3
216,197,3
123,195,2
270,61,5
217,210,3
208,161,3
184,49,5
310,120,5
305,146,5
249,133,4
250,53,5
180,234,2
304,84,5
228,112,4
90,36,6
216,227,3
147,250,1
103,293,0
90,240,1
213,170,3
231,120,4
172,199,2
207,8,6
208,104,4
75,298,0
305,176,5
192,149,3
199,148,3
216,178,3
205,51,5
176,111,4
304,114,5
265,193,4
111,204,2
147,280,1
296,78,5
86,293,0
163,185,2
180,215,2
174,229,2
247,55,5
191,104,4
174,53,5
260,165,4
175,149,3
135,49,6
166,193,2
304,144,5
97,295,0
264,161,4
146,185,2
155,37,6
227,48,5
130,230,1
158,149,3
150,268,1
218,167,3
170,30,6
117,200,2
169,144,3
259,217,4
175,47,5
210,48,5
181,108,4
215,189,3
187,11,6
222,12,6
218,197,3
174,147,3
251,132,4
210,161,3
136,189,2
254,140,4
215,219,3
255,60,5
105,292,0
218,227,3
302,93,5
306,163,5
193,53,5
307,176,5
218,178,3
185,110,4
306,114,5
88,292,0
105,322,0
197,157,3
214,187,3
194,104,4
298,78,5
144,47,6
249,55,5
133,192,2
153,41,6
168,193,2
234,113,4
306,144,5
152,155,3
121,48,6
229,47,5
307,157,5
91,33,6
213,9,6
157,37,6
164,36,6
108,205,2
132,230,1
149,260,1
306,95,5
309,102,5
264,195,4
100,237,1
135,238,1
217,113,4
285,74,5
306,174,5
201,158,3
212,109,4
119,200,2
196,9,6
115,230,1
309,132,5
260,180,4
189,11,6
110,319,0
220,196,3
176,239,2
143,45,6
167,190,2
262,175,4
201,12,6
143,255,1
219,51,5
86,245,1
253,132,4
277,68,5
264,176,4
95,35,6
122,234,1
256,140,4
260,210,4
220,226,3
213,103,4
261,198,4
216,111,4
110,300,0
135,45,6
220,177,3
264,206,4
176,220,2
106,37,6
186,13,6
111,313,0
196,103,4
107,322,0
264,157,4
180,148,3
219,194,3
110,330,0
118,45,6
220,207,3
214,221,3
308,143,5
252,130,4
154,154,3
130,46,6
126,236,1
89,247,1
163,148,3
214,172,3
179,20,6
166,35,6
239,121,4
215,9,6
109,235,1
308,173,5
167,144,3
174,143,3
183,16,6
219,175,3
102,237,1
121,199,2
203,158,3
186,107,4
214,202,3
130,193,2
198,9,6
255,56,5
117,42,6
145,44,6
300,88,5
185,145,3
178,239,2
141,188,2
191,48,5
169,190,2
170,203,2
214,232,3
193,49,5
308,154,5
148,262,1
258,139,4
238,118,4
97,35,6
173,211,2
149,275,1
73,303,0
145,284,1
262,160,4
266,205,4
144,247,1
218,111,4
148,292,1
202,156,3
250,133,4
149,46,6
254,54,5
141,244,1
148,243,1
198,103,4
181,52,5
182,148,3
189,147,3
262,190,4
92,246,1
104,293,0
234,46,5
145,265,1
212,105,4
156,154,3
266,186,4
172,26,6
112,197,2
257,137,4
132,46,6
96,242,1
148,273,1
241,120,4
108,314,0
258,150,4
165,148,3
172,147,3
262,220,4
255,221,4
208,52,5
290,73,5
261,158,4
217,46,5
111,235,1
262,171,4
112,310,0
188,106,4
115,46,6
123,199,2
270,65,5
208,165,3
160,29,6
108,295,0
262,201,4
143,188,2
155,151,3
216,231,3
171,23,6
172,203,2
180,17,6
262,59,5
167,32,6
310,154,5
75,302,0
240,118,4
102,42,6
264,60,5
207,50,5
219,190,3
126,188,2
179,231,2
219,14,6
147,284,1
110,233,1
192,108,4
296,82,5
220,110,4
122,197,2
175,240,2
216,212,3
207,163,3
304,148,5
191,146,3
151,46,6
219,220,3
256,54,5
259,61,5
178,199,2
305,106,5
309,151,5
260,199,4
179,212,2
150,272,1
214,105,4
74,300,0
81,299,0
304,178,5
158,191,2
175,221,2
239,54,5
142,236,1
260,150,4
263,157,4
304,129,5
260,229,4
179,242,2
162,187,2
154,34,6
141,49,6
146,257,1
197,105,4
203,8,6
181,150,3
187,53,5
150,43,6
305,87,5
210,165,3
263,187,4
109,198,2
150,253,1
226,49,5
304,159,5
145,187,2
129,232,1
136,231,1
113,302,0
218,231,3
254,223,4
173,23,6
259,147,4
182,17,6
146,238,1
142,247,1
243,131,4
112,232,1
263,168,4
193,12,6
194,108,4
218,212,3
217,174,3
125,43,6
153,45,6
165,144,3
149,189,2
133,234,1
177,108,4
261,61,5
87,289,0
237,125,4
307,106,5
310,169,5
83,298,0
108,43,6
241,53,5
103,39,6
306,178,5
242,128,4
125,190,2
132,189,2
160,191,2
177,221,2
116,234,1
265,157,4
113,46,6
147,40,6
147,244,1
229,119,4
213,164,3
156,34,6
143,49,6
262,55,5
152,43,6
99,234,1
86,249,1
144,266,1
233,115,4
265,187,4
111,198,2
176,22,6
200,47,5
228,49,5
95,243,1
309,166,5
260,214,4
212,11,6
180,209,2
126,49,6
256,223,4
107,41,6
309,117,5
183,47,5
211,49,5
301,81,5
195,11,6
265,168,4
187,151,3
171,196,2
118,43,6
188,50,5
106,289,0
309,147,5
260,195,4
208,109,4
127,43,6
192,154,3
232,51,5
130,50,6
111,292,0
151,189,2
179,24,6
215,183,3
138,241,1
89,289,0
309,177,5
260,225,4
179,145,3
259,162,4
163,190,2
85,298,0
219,179,3
215,51,5
243,53,5
215,213,3
118,234,1
195,105,4
202,104,4
186,149,3
158,33,6
307,91,5
280,71,5
215,164,3
219,209,3
191,52,5
198,51,5
303,100,5
193,47,5
307,170,5
177,206,2
169,28,6
150,186,2
101,234,1
113,197,2
267,62,5
129,48,6
238,122,4
303,179,5
162,150,3
169,149,3
259,222,4
178,22,6
97,243,1
307,121,5
215,194,3
84,295,0
214,11,6
109,40,6
124,192,2
209,158,3
177,236,2
133,186,2
214,49,5
117,231,1
185,47,5
303,81,5
307,151,5
230,116,4
197,11,6
254,58,5
91,237,1
149,254,1
306,89,5
105,297,0
189,151,3
173,196,2
209,12,6
144,281,1
302,98,5
201,152,3
96,36,6
210,109,4
79,303,0
194,154,3
257,141,4
132,50,6
261,211,4
108,318,0
302,183,5
88,297,0
262,224,4
246,52,5
140,241,1
176,233,2
111,326,0
261,162,4
165,190,2
143,249,1
264,170,4
127,232,1
144,262,1
302,79,5
204,103,4
188,148,3
148,48,6
229,52,5
261,192,4
107,203,2
132,235,1
108,299,0
91,248,1
282,71,5
262,205,4
289,70,5
110,294,0
184,12,6
176,214,2
144,292,1
233,48,5
111,307,0
261,143,4
152,186,2
171,148,3
180,21,6
269,62,5
131,48,6
240,122,4
107,316,0
257,152,4
261,222,4
108,329,0
216,48,5
227,113,4
261,173,4
211,158,3
135,186,2
215,228,3
200,10,6
119,231,1
126,230,1
253,137,4
217,223,3
232,116,4
219,224,3
256,58,5
199,48,5
93,237,1
178,203,2
184,106,4
305,110,5
203,152,3
243,49,5
214,196,3
244,124,4
180,115,4
81,303,0
308,118,5
175,225,2
248,52,5
110,38,6
178,233,2
251,59,5
305,140,5
219,205,3
154,38,6
170,197,2
146,261,1
174,242,2
211,169,3
163,32,6
150,47,6
305,91,5
149,269,1
206,103,4
190,148,3
263,191,4
97,239,1
109,202,2
174,193,2
308,99,5
305,170,5
145,278,1
175,206,2
215,14,6
146,291,1
113,306,0
304,108,5
118,197,2
178,214,2
235,48,5
133,47,6
238,55,5
173,148,3
263,221,4
182,21,6
146,242,1
129,191,2
179,51,5
174,223,2
141,238,1
142,251,1
299,86,5
263,172,4
218,48,5
145,259,1
255,136,4
266,180,4
202,10,6
146,272,1
96,236,1
194,150,3
258,144,4
109,296,0
263,202,4
257,216,4
112,304,0
137,49,6
113,317,0
177,150,3
217,208,3
181,19,6
145,240,1
310,118,5
99,295,0
109,326,0
249,131,4
125,232,1
253,59,5
147,248,1
103,291,0
153,151,3
160,150,3
213,168,3
172,197,2
310,148,5
75,296,0
165,32,6
124,45,6
216,176,3
205,49,5
257,55,5
164,146,3
217,189,3
176,109,4
217,13,6
176,26,6
108,232,1
147,278,1
86,291,0
176,147,3
120,196,2
127,195,2
180,213,2
205,162,3
309,115,5
221,9,6
216,206,3
240,55,5
217,219,3
131,191,2
225,113,4
232,112,4
305,155,5
213,228,3
144,251,1
155,35,6
227,46,5
94,240,1
304,93,5
265,172,4
212,166,3
204,9,6
211,8,6
195,53,5
147,259,1
196,149,3
304,172,5
99,39,6
174,208,2
98,236,1
180,111,4
260,144,4
199,157,3
216,187,3
110,200,2
217,107,4
304,123,5
265,202,4
293,80,5
178,53,5
147,289,1
219,108,4
179,149,3
139,49,6
163,194,2
180,224,2
190,17,6
174,238,2
101,295,0
304,153,5
159,37,6
224,49,5
134,230,1
202,108,4
218,225,3
195,147,3
109,311,0
218,176,3
185,108,4
243,125,4
191,11,6
105,320,0
259,226,4
138,46,6
194,102,4
215,198,3
178,147,3
162,192,2
218,206,3
124,234,1
306,142,5
152,153,3
121,46,6
307,155,5
230,120,4
161,147,3
164,34,6
306,93,5
310,163,5
259,207,4
214,166,3
108,37,6
263,56,5
197,53,5
100,235,1
198,149,3
302,102,5
306,172,5
201,156,3
101,39,6
181,15,6
206,47,5
266,64,5
218,187,3
295,79,5
306,123,5
246,56,5
165,194,2
172,193,2
143,253,1
264,174,4
95,33,6
234,122,4
302,83,5
306,153,5
120,192,2
104,237,1
139,238,1
289,74,5
306,104,5
309,111,5
216,109,4
110,298,0
116,201,2
264,204,4
200,154,3
176,218,2
144,296,1
262,154,4
294,77,5
107,320,0
264,155,4
261,226,4
180,146,3
140,46,6
147,45,6
171,190,2
245,54,5
110,328,0
220,205,3
164,192,2
281,68,5
167,199,2
102,292,0
225,46,5
126,234,1
253,141,4
264,185,4
176,199,2
163,146,3
179,18,6
123,46,6
239,119,4
256,149,4
172,20,6
107,301,0
183,14,6
219,173,3
208,46,5
110,309,0
203,156,3
220,186,3
186,105,4
264,215,4
214,200,3
176,53,5
94,292,0
268,64,5
308,122,5
184,148,3
300,86,5
248,56,5
219,203,3
220,216,3
170,201,2
214,230,3
308,152,5
97,33,6
236,122,4
179,112,4
73,301,0
197,151,3
214,181,3
308,103,5
82,295,0
145,282,1
106,237,1
218,109,4
308,182,5
118,201,2
134,193,2
202,154,3
219,184,3
93,290,0
214,211,3
149,44,6
247,53,5
181,50,5
254,52,5
308,133,5
138,189,2
150,153,3
157,152,3
169,199,2
145,263,1
162,34,6
308,163,5
148,271,1
258,148,4
302,177,5
262,218,4
149,284,1
105,234,1
140,235,1
290,71,5
258,227,4
117,198,2
124,197,2
145,293,1
262,169,4
112,308,0
270,63,5
145,244,1
185,52,5
109,330,0
148,252,1
108,293,0
262,199,4
143,186,2
209,106,4
262,150,4
266,195,4
257,146,4
148,282,1
110,231,1
192,106,4
274,65,5
95,289,0
112,319,0
216,210,3
116,43,6
151,44,6
219,218,3
221,51,5
310,133,5
156,144,3
159,151,3
213,232,3
94,244,1
305,104,5
212,170,3
237,119,4
304,176,5
204,51,5
175,219,2
239,52,5
309,100,5
260,148,4
216,191,3
123,189,2
188,13,6
223,14,6
107,234,1
224,110,4
208,155,3
126,197,2
179,240,2
147,293,1
227,118,4
187,51,5
150,41,6
305,85,5
309,130,5
260,178,4
216,221,3
199,15,6
206,14,6
231,114,4
304,157,5
93,38,6
175,200,2
93,242,1
146,285,1
218,229,3
105,39,6
211,106,4
78,300,0
195,151,3
260,208,4
309,160,5
179,221,2
182,15,6
150,281,1
175,230,2
174,47,5
142,245,1
243,129,4
260,159,4
299,80,5
263,166,4
166,187,2
138,50,6
193,10,6
194,106,4
154,43,6
279,72,5
146,266,1
97,289,0
187,145,3
218,210,3
230,49,5
109,290,0
149,187,2
133,232,1
150,262,1
177,23,6
130,44,6
136,240,1
263,147,4
170,145,3
154,190,2
213,49,5
138,235,1
306,176,5
242,126,4
259,156,4
132,187,2
206,51,5
116,232,1
218,191,3
113,44,6
275,62,5
193,104,4
213,162,3
137,190,2
278,70,5
254,134,4
255,54,5
189,51,5
233,113,4
217,183,3
148,185,2
176,20,6
258,62,5
95,241,1
306,157,5
177,200,2
107,39,6
122,191,2
212,47,5
246,128,4
216,113,4
200,158,3
301,79,5
91,294,0
177,230,2
144,245,1
265,166,4
147,49,6
171,194,2
252,57,5
188,48,5
309,145,5
260,193,4
213,173,3
156,43,6
281,72,5
90,249,1
208,107,4
102,296,0
108,199,2
115,198,2
192,152,3
232,49,5
92,244,1
176,197,2
176,114,4
151,187,2
265,196,4
135,232,1
212,103,4
79,297,0
260,223,4
309,175,5
119,194,2
163,188,2
237,52,5
204,160,3
215,49,5
309,126,5
260,174,4
118,232,1
301,90,5
195,103,4
202,102,4
186,147,3
192,50,5
220,52,5
280,69,5
215,162,3
106,298,0
256,134,4
259,141,4
101,232,1
231,47,5
259,220,4
178,20,6
175,50,5
260,62,5
215,192,3
174,29,6
106,328,0
259,171,4
214,47,5
248,128,4
218,113,4
251,135,4
202,158,3
219,188,3
199,105,4
303,79,5
284,71,5
254,56,5
105,295,0
173,194,2
307,100,5
197,47,5
215,173,3
138,231,1
177,215,2
295,73,5
308,167,5
178,114,4
88,295,0
218,11,6
246,50,5
140,239,1
307,130,5
130,187,2
165,188,2
121,231,1
222,115,4
206,160,3
152,37,6
144,260,1
234,116,4
161,31,6
148,46,6
303,90,5
261,190,4
213,12,6
107,201,2
104,231,1
132,233,1
91,246,1
282,69,5
262,203,4
100,36,6
173,205,2
116,195,2
176,212,2
144,290,1
100,240,1
233,46,5
265,211,4
258,212,4
131,46,6
107,314,0
257,150,4
264,149,4
261,220,4
177,50,5
148,286,1
108,327,0
221,112,4
189,14,6
176,242,2
216,46,5
261,171,4
200,8,6
201,104,4
262,184,4
253,135,4
264,179,4
92,240,1
286,71,5
107,295,0
217,172,3
261,201,4
237,48,5
108,308,0
156,186,2
184,21,6
128,49,6
220,180,3
159,193,2
244,122,4
111,316,0
261,152,4
187,112,4
90,295,0
107,325,0
115,40,6
217,202,3
220,48,5
248,50,5
139,186,2
123,231,1
200,102,4
151,150,3
211,167,3
163,30,6
150,45,6
305,89,5
236,116,4
162,144,3
122,44,6
214,175,3
196,49,5
97,237,1
203,48,5
93,36,6
308,97,5
305,168,5
219,233,3
167,26,6
174,25,6
106,231,1
215,12,6
93,246,1
167,147,3
118,195,2
183,19,6
105,43,6
178,212,2
235,46,5
102,240,1
78,304,0
305,119,5
179,225,2
219,8,6
129,189,2
179,49,5
174,221,2
308,127,5
198,12,6
175,234,2
142,249,1
299,84,5
223,112,4
207,157,3
178,242,2
145,257,1
255,134,4
202,8,6
146,270,1
259,55,5
203,104,4
210,103,4
186,53,5
96,234,1
304,87,5
187,149,3
194,148,3
288,70,5
149,278,1
109,294,0
263,200,4
174,202,2
291,78,5
81,293,0
308,108,5
145,287,1
158,185,2
137,47,6
266,208,4
242,55,5
113,315,0
263,151,4
170,149,3
177,148,3
146,41,6
161,193,2
178,223,2
145,238,1
109,324,0
146,251,1
174,232,2
141,247,1
181,144,3
222,48,5
125,230,1
193,108,4
263,181,4
103,289,0
254,132,4
145,268,1
255,145,4
310,146,5
266,189,4
165,30,6
172,29,6
112,200,2
205,47,5
96,245,1
164,144,3
217,187,3
148,189,2
108,230,1
109,305,0
263,211,4
257,225,4
176,145,3
267,60,5
205,160,3
185,19,6
107,43,6
212,51,5
246,132,4
217,217,3
131,189,2
310,127,5
225,111,4
266,170,4
213,226,3
180,241,2
217,168,3
160,38,6
228,119,4
212,164,3
147,257,1
99,37,6
261,55,5
180,109,4
98,234,1
75,305,0
115,202,2
216,185,3
110,198,2
264,63,5
83,292,0
217,198,3
293,78,5
310,108,5
305,134,5
147,287,1
79,301,0
139,47,6
163,192,2
180,222,2
244,55,5
229,113,4
304,151,5
159,35,6
224,47,5
305,164,5
216,166,3
208,9,6
186,151,3
127,230,1
304,102,5
265,181,4
147,268,1
150,275,1
207,109,4
114,200,2
174,217,2
231,51,5
292,75,5
243,123,4
259,224,4
138,44,6
304,132,5
215,196,3
178,145,3
187,18,6
184,48,5
162,190,2
190,109,4
196,12,6
214,51,5
248,132,4
251,139,4
90,35,6
150,256,1
215,226,3
284,75,5
145,190,2
129,235,1
197,51,5
211,111,4
215,177,3
101,37,6
266,62,5
109,320,0
307,183,5
218,185,3
142,46,6
191,103,4
174,52,5
306,121,5
105,329,0
246,54,5
307,134,5
247,129,4
215,207,3
165,192,2
121,235,1
310,142,5
218,215,3
125,46,6
234,120,4
302,81,5
158,148,3
306,151,5
161,35,6
307,164,5
218,166,3
210,9,6
170,29,6
104,235,1
289,72,5
306,102,5
303,173,5
169,143,3
116,199,2
307,115,5
181,107,4
306,181,5
125,193,2
261,224,4
250,56,5
112,42,6
140,44,6
245,52,5
306,132,5
136,188,2
205,10,6
164,190,2
281,66,5
92,34,6
149,248,1
92,238,1
253,139,4
233,118,4
264,183,4
144,275,1
123,44,6
228,52,5
256,147,4
147,190,2
212,14,6
103,233,1
213,110,4
261,205,4
143,292,1
110,307,0
220,184,3
264,213,4
176,227,2
176,51,5
183,50,5
111,320,0
268,62,5
262,163,4
184,146,3
144,46,6
249,54,5
143,243,1
195,14,6
107,329,0
264,164,4
168,192,2
87,246,1
99,293,0
106,292,0
220,214,3
229,46,5
200,106,4
207,105,4
252,137,4
127,46,6
236,120,4
160,148,3
179,110,4
264,194,4
214,179,3
203,52,5
135,237,1
82,293,0
155,187,2
106,235,1
272,63,5
183,106,4
190,105,4
308,180,5
118,199,2
219,182,3
110,318,0
220,195,3
192,17,6
214,209,3
308,131,5
215,222,3
114,42,6
138,187,2
219,50,5
214,160,3
150,151,3
157,150,3
305,153,5
162,32,6
169,31,6
235,118,4
202,50,5
149,282,1
105,232,1
214,190,3
214,14,6
308,112,5
271,61,5
215,110,4
222,109,4
145,291,1
305,183,5
206,154,3
300,76,5
146,45,6
178,227,2
251,53,5
185,50,5
170,191,2
214,220,3
197,14,6
174,236,2
308,142,5
148,250,1
154,153,3
157,40,6
89,246,1
173,199,2
149,263,1
209,104,4
234,53,5
96,39,6
145,272,1
76,299,0
262,148,4
193,150,3
266,193,4
153,191,2
112,204,2
137,236,1
287,72,5
148,280,1
108,321,0
121,198,2
149,293,1
238,49,5
261,165,4
157,187,2
274,63,5
136,49,6
262,178,4
112,317,0
201,15,6
145,43,6
120,236,1
277,71,5
221,49,5
88,243,1
310,131,5
266,174,4
140,187,2
147,186,2
217,166,3
160,36,6
124,232,1
131,231,1
148,261,1
108,302,0
258,138,4
262,208,4
168,23,6
184,15,6
237,117,4
261,146,4
99,41,6
180,24,6
204,49,5
112,298,0
240,125,4
216,189,3
188,11,6
107,232,1
114,231,1
219,197,3
126,195,2
310,112,5
273,61,5
99,289,0
305,83,5
216,219,3
253,53,5
160,144,3
217,232,3
231,112,4
304,155,5
172,191,2
175,198,2
219,227,3
256,61,5
175,115,4
216,170,3
241,119,4
78,298,0
179,219,2
236,53,5
98,39,6
147,272,1
150,279,1
127,189,2
111,234,1
175,228,2
292,79,5
243,127,4
260,157,4
309,109,5
216,200,3
123,198,2
208,164,3
178,149,3
184,52,5
154,41,6
162,194,2
146,264,1
186,47,5
147,43,6
309,139,5
260,187,4
155,150,3
171,22,6
195,47,5
223,49,5
90,243,1
133,230,1
150,260,1
304,166,5
207,11,6
175,209,2
167,31,6
199,151,3
170,143,3
304,117,5
178,47,5
146,245,1
206,49,5
296,81,5
150,290,1
142,50,6
190,11,6
182,151,3
263,175,4
166,196,2
101,289,0
278,68,5
189,49,5
218,219,3
258,60,5
255,224,4
134,44,6
177,115,4
104,326,0
158,190,2
142,235,1
80,298,0
246,126,4
263,156,4
210,51,5
113,233,1
125,197,2
141,48,6
177,228,2
197,104,4
181,149,3
160,32,6
245,56,5
210,164,3
96,295,0
213,171,3
205,14,6
156,41,6
226,48,5
281,70,5
254,143,4
172,206,2
164,28,6
262,62,5
124,48,6
99,241,1
307,94,5
310,157,5
233,122,4
164,149,3
176,112,4
254,222,4
265,194,4
173,22,6
216,9,6
111,205,2
306,166,5
79,295,0
309,173,5
104,40,6
177,209,2
209,48,5
103,237,1
180,216,2
220,113,4
204,158,3
221,12,6
112,231,1
260,172,4
298,81,5
301,88,5
225,116,4
209,161,3
249,58,5
192,48,5
144,254,1
265,175,4
168,196,2
171,203,2
204,12,6
106,296,0
309,154,5
260,202,4
196,152,3
91,36,6
74,303,0
252,141,4
127,50,6
139,232,1
175,48,5
83,297,0
179,114,4
241,52,5
187,12,6
106,326,0
219,111,4
297,78,5
248,126,4
265,156,4
199,103,4
110,322,0
183,148,3
167,193,2
215,220,3
224,52,5
134,233,1
284,69,5
127,235,1
86,248,1
215,171,3
259,150,4
166,148,3
220,229,3
175,21,6
126,48,6
101,241,1
235,122,4
178,112,4
105,323,0
106,40,6
186,16,6
211,48,5
271,65,5
222,113,4
206,158,3
133,193,2
161,29,6
303,88,5
227,116,4
307,158,5
214,224,3
194,48,5
157,38,6
149,261,1
306,96,5
173,203,2
307,109,5
263,59,5
100,238,1
198,152,3
174,19,6
182,114,4
76,303,0
177,224,2
250,50,5
144,239,1
177,48,5
105,37,6
148,284,1
134,187,2
221,110,4
307,139,5
261,169,4
299,78,5
145,47,6
152,46,6
144,269,1
185,148,3
265,190,4
169,193,2
286,69,5
88,247,1
303,99,5
107,293,0
113,196,2
261,199,4
230,47,5
148,265,1
108,306,0
262,212,4
128,47,6
135,46,6
176,221,2
111,314,0
261,150,4
168,148,3
258,221,4
177,21,6
124,191,2
136,238,1
143,237,1
107,323,0
264,158,4
213,47,5
220,46,5
148,295,1
205,104,4
273,65,5
250,136,4
261,180,4
151,148,3
92,39,6
135,193,2
260,56,5
122,42,6
196,47,5
104,296,0
111,295,0
219,231,3
107,304,0
217,181,3
261,210,4
167,145,3
118,193,2
183,17,6
265,59,5
102,238,1
184,113,4
305,117,5
243,56,5
87,296,0
94,295,0
244,131,4
175,232,2
223,110,4
217,211,3
207,155,3
204,102,4
98,291,0
305,147,5
219,212,3
154,45,6
186,51,5
304,85,5
97,36,6
252,55,5
305,98,5
155,154,3
171,26,6
214,184,3
174,200,2
81,291,0
308,106,5
305,177,5
171,147,3
115,196,2
175,213,2
77,300,0
304,115,5
223,8,6
178,221,2
305,128,5
179,234,2
146,249,1
227,112,4
174,230,2
211,157,3
222,46,5
89,240,1
149,257,1
263,179,4
199,9,6
206,8,6
190,53,5
191,149,3
145,266,1
278,72,5
305,158,5
255,143,4
266,187,4
112,198,2
146,279,1
96,243,1
304,96,5
178,202,2
149,287,1
109,303,0
134,48,6
263,209,4
174,211,2
104,330,0
112,311,0
185,17,6
142,239,1
270,66,5
113,324,0
263,160,4
178,232,2
145,247,1
266,168,4
197,108,4
209,109,4
263,190,4
109,201,2
213,175,3
112,292,0
136,234,1
113,305,0
217,196,3
254,226,4
133,46,6
238,54,5
293,76,5
310,106,5
242,120,4
109,314,0
173,147,3
192,109,4
177,213,2
180,220,2
185,111,4
95,292,0
245,128,4
216,213,3
119,234,1
217,226,3
116,46,6
232,119,4
156,147,3
209,165,3
216,164,3
192,52,5
155,42,6
265,179,4
212,173,3
201,46,5
95,235,1
102,234,1
236,47,5
147,266,1
196,156,3
114,198,2
98,243,1
260,151,4
216,194,3
175,52,5
304,130,5
265,209,4
103,42,6
187,16,6
147,296,1
180,231,2
265,160,4
90,33,6
147,247,1
150,254,1
304,160,5
75,295,0
192,146,3
304,111,5
211,109,4
195,154,3
296,75,5
260,217,4
218,183,3
142,44,6
141,241,1
174,50,5
256,226,4
175,146,3
182,145,3
105,327,0
191,18,6
159,191,2
166,190,2
186,14,6
304,141,5
194,109,4
247,127,4
215,205,3
218,51,5
97,292,0
218,213,3
158,146,3
118,46,6
161,33,6
142,191,2
149,190,2
133,235,1
283,71,5
307,162,5
218,164,3
170,27,6
80,292,0
303,171,5
259,214,4
214,173,3
203,46,5
263,63,5
198,156,3
215,186,3
222,9,6
174,23,6
125,191,2
89,292,0
259,165,4
218,194,3
250,54,5
177,52,5
112,40,6
251,129,4
306,130,5
214,203,3
136,186,2
307,143,5
255,57,5
105,289,0
233,116,4
257,58,5
302,90,5
306,160,5
104,34,6
303,103,5
193,50,5
307,173,5
103,231,1
213,108,4
120,199,2
149,276,1
306,111,5
88,289,0
303,182,5
143,290,1
197,154,3
176,225,2
176,49,5
84,298,0
144,44,6
249,52,5
143,241,1
107,327,0
264,162,4
168,190,2
87,244,1
306,141,5
152,152,3
148,40,6
74,297,0
252,135,4
127,44,6
232,52,5
236,118,4
264,192,4
151,190,2
176,206,2
144,284,1
135,235,1
217,110,4
285,71,5
265,205,4
201,155,3
119,197,2
107,308,0
261,214,4
183,21,6
180,51,5
265,63,5
110,316,0
220,193,3
192,15,6
176,236,2
118,235,1
111,329,0
114,40,6
143,252,1
219,48,5
264,173,4
122,231,1
204,106,4
256,137,4
220,223,3
235,116,4
308,159,5
97,40,6
202,48,5
110,297,0
220,174,3
264,203,4
214,188,3
214,12,6
187,106,4
308,110,5
264,61,5
90,289,0
146,43,6
251,51,5
110,327,0
170,189,2
214,218,3
308,140,5
154,151,3
89,244,1
163,145,3
214,169,3
166,32,6
239,118,4
145,270,1
305,162,5
76,297,0
193,148,3
199,51,5
109,232,1
137,234,1
304,100,5
308,170,5
302,184,5
218,14,6
121,196,2
295,82,5
149,291,1
203,155,3
186,104,4
290,78,5
174,215,2
136,47,6
308,121,5
112,315,0
182,51,5
300,85,5
226,113,4
194,15,6
178,236,2
141,185,2
145,251,1
88,241,1
170,200,2
148,259,1
258,136,4
262,206,4
100,39,6
149,272,1
261,144,4
258,215,4
134,237,1
145,281,1
262,157,4
112,296,0
266,202,4
257,153,4
242,49,5
294,80,5
148,289,1
161,187,2
133,50,6
189,106,4
310,110,5
109,318,0
149,43,6
201,107,4
262,187,4
112,326,0
216,217,3
225,49,5
253,51,5
104,290,0
144,187,2
128,232,1
310,140,5
156,151,3
172,23,6
125,44,6
148,270,1
258,147,4
165,145,3
184,107,4
168,32,6
219,176,3
208,49,5
87,290,0
244,125,4
257,219,4
220,13,6
111,232,1
310,170,5
205,154,3
216,198,3
123,196,2
224,117,4
208,162,3
132,190,2
219,206,3
184,50,5
191,49,5
228,113,4
305,92,5
212,158,3
143,185,2
155,148,3
162,147,3
216,228,3
171,20,6
90,241,1
150,258,1
231,121,4
304,164,5
172,200,2
175,207,2
167,29,6
75,299,0
199,149,3
216,179,3
102,39,6
200,48,5
207,47,5
235,49,5
179,228,2
147,281,1
110,230,1
86,294,0
296,79,5
220,107,4
150,288,1
247,56,5
198,104,4
299,87,5
309,118,5
260,166,4
182,149,3
166,194,2
183,48,5
304,145,5
203,107,4
159,150,3
187,152,3
218,217,3
94,243,1
227,49,5
171,197,2
288,73,5
260,196,4
255,222,4
150,269,1
207,103,4
304,175,5
158,188,2
117,201,2
80,296,0
263,154,4
210,49,5
222,13,6
259,163,4
141,46,6
190,103,4
197,102,4
218,198,3
181,147,3
125,233,1
210,162,3
153,152,3
226,46,5
254,141,4
262,60,5
124,46,6
310,155,5
233,120,4
164,147,3
218,228,3
173,20,6
306,164,5
259,144,4
104,38,6
177,207,2
169,29,6
209,46,5
221,10,6
131,192,2
298,79,5
225,114,4
209,159,3
177,237,2
249,56,5
100,295,0
265,173,4
168,194,2
153,42,6
306,145,5
309,152,5
98,33,6
180,112,4
74,301,0
164,37,6
309,103,5
83,295,0
265,203,4
241,50,5
135,239,1
103,36,6
306,175,5
79,304,0
160,188,2
119,201,2
177,218,2
116,231,1
139,50,6
297,76,5
265,154,4
128,195,2
229,116,4
309,133,5
260,181,4
213,161,3
183,146,3
143,46,6
167,191,2
224,50,5
201,13,6
208,12,6
127,233,1
86,246,1
277,69,5
265,184,4
95,36,6
228,46,5
95,240,1
256,141,4
309,163,5
260,211,4
220,227,3
175,19,6
212,8,6
126,46,6
256,220,4
139,241,1
184,13,6
191,12,6
216,112,4
264,207,4
106,38,6
215,199,3
211,46,5
301,78,5
271,63,5
196,104,4
248,135,4
171,193,2
220,208,3
102,295,0
130,47,6
259,208,4
263,57,5
163,149,3
179,21,6
198,150,3
215,180,3
138,238,1
239,122,4
182,112,4
76,301,0
242,129,4
259,159,4
85,295,0
308,174,5
174,144,3
215,48,5
243,50,5
186,108,4
96,289,0
130,194,2
137,193,2
117,43,6
300,89,5
157,144,3
215,161,3
302,84,5
185,146,3
141,189,2
198,48,5
161,38,6
169,191,2
303,97,5
214,233,3
169,25,6
210,12,6
104,238,1
238,119,4
262,210,4
178,19,6
173,212,2
97,240,1
116,202,2
307,118,5
233,53,5
258,219,4
109,37,6
124,189,2
144,248,1
148,293,1
205,102,4
188,51,5
250,134,4
261,178,4
149,47,6
92,37,6
254,55,5
181,53,5
200,15,6
189,148,3
262,191,4
108,202,2
253,142,4
173,193,2
92,247,1
176,200,2
144,278,1
104,294,0
111,293,0
234,47,5
96,33,6
212,106,4
153,185,2
107,302,0
257,138,4
132,47,6
113,205,2
261,208,4
148,274,1
108,315,0
258,151,4
172,148,3
262,221,4
257,217,4
140,238,1
176,230,2
244,129,4
111,323,0
104,324,0
261,159,4
217,47,5
195,106,4
201,9,6
264,167,4
120,230,1
98,289,0
249,132,4
188,145,3
219,210,3
261,189,4
160,30,6
107,200,2
91,245,1
305,96,5
236,123,4
143,189,2
171,145,3
180,18,6
175,211,2
155,190,2
106,238,1
272,66,5
240,119,4
183,109,4
77,298,0
217,190,3
207,51,5
305,126,5
219,191,3
126,189,2
179,232,2
110,234,1
220,111,4
227,110,4
308,134,5
154,145,3
122,198,2
175,241,2
138,190,2
207,164,3
190,51,5
305,156,5
219,221,3
94,37,6
175,109,4
146,277,1
259,62,5
304,94,5
194,155,3
178,200,2
305,107,5
179,213,2
263,207,4
174,209,2
81,300,0
308,115,5
175,222,2
239,55,5
142,237,1
263,158,4
146,48,6
178,230,2
145,245,1
219,109,4
154,35,6
146,258,1
174,239,2
197,106,4
150,44,6
282,72,5
263,188,4
109,199,2
134,231,1
145,275,1
152,187,2
266,196,4
146,288,1
136,232,1
287,75,5
113,303,0
254,224,4
178,211,2
133,44,6
238,52,5
310,104,5
109,312,0
259,148,4
173,145,3
263,218,4
182,18,6
189,17,6
157,190,2
274,66,5
250,130,4
141,235,1
245,126,4
119,232,1
263,169,4
193,13,6
116,44,6
145,256,1
221,52,5
255,133,4
310,134,5
266,177,4
156,145,3
140,190,2
213,233,3
124,235,1
217,175,3
168,26,6
109,293,0
261,62,5
216,192,3
123,190,2
307,107,5
107,235,1
83,299,0
217,205,3
241,54,5
103,40,6
110,39,6
310,115,5
92,293,0
249,128,4
147,294,1
160,192,2
177,222,2
116,235,1
180,229,2
147,245,1
213,165,3
156,35,6
305,171,5
216,173,3
205,46,5
99,235,1
152,44,6
304,109,5
265,188,4
217,10,6
111,199,2
176,23,6
195,152,3
95,244,1
147,275,1
120,193,2
180,210,2
174,224,2
205,159,3
256,224,4
175,144,3
122,194,2
107,42,6
135,44,6
191,16,6
240,52,5
304,139,5
301,82,5
264,156,4
180,240,2
228,118,4
118,44,6
195,50,5
147,256,1
223,52,5
283,69,5
207,14,6
117,195,2
264,186,4
259,212,4
110,197,2
263,61,5
215,184,3
181,20,6
178,50,5
106,320,0
206,52,5
179,146,3
109,327,0
163,191,2
218,192,3
190,14,6
191,110,4
85,299,0
307,141,5
94,293,0
101,292,0
254,135,4
215,214,3
255,55,5
202,105,4
186,150,3
165,33,6
146,191,2
218,222,3
130,236,1
280,72,5
215,165,3
302,88,5
198,52,5
193,48,5
307,171,5
218,173,3
101,235,1
267,63,5
129,49,6
185,105,4
306,109,5
303,180,5
259,223,4
178,23,6
197,152,3
214,182,3
307,122,5
113,236,1
181,114,4
84,296,0
109,41,6
133,187,2
168,188,2
117,232,1
251,138,4
306,139,5
152,150,3
307,152,5
230,117,4
164,31,6
108,200,2
149,255,1
306,90,5
307,103,5
197,50,5
209,13,6
144,282,1
100,232,1
217,108,4
285,69,5
302,99,5
201,153,3
119,195,2
266,61,5
307,182,5
103,240,1
261,212,4
295,76,5
180,49,5
149,285,1
306,120,5
309,127,5
246,53,5
192,13,6
176,234,2
111,327,0
165,191,2
143,250,1
264,171,4
152,40,6
168,199,2
144,263,1
204,104,4
256,135,4
188,149,3
220,221,3
91,39,6
261,193,4
107,204,2
132,236,1
91,249,1
289,71,5
110,295,0
264,201,4
159,185,2
176,215,2
111,308,0
187,104,4
171,149,3
269,63,5
131,49,6
107,317,0
264,152,4
183,113,4
261,223,4
196,15,6
115,236,1
219,189,3
93,295,0
110,325,0
118,40,6
220,202,3
142,185,2
216,49,5
135,187,2
215,229,3
126,231,1
264,182,4
163,143,3
214,167,3
179,15,6
123,43,6
166,30,6
256,146,4
101,40,6
175,24,6
199,49,5
308,168,5
219,170,3
218,12,6
102,232,1
110,306,0
203,153,3
220,183,3
214,197,3
130,188,2
94,289,0
308,119,5
222,116,4
206,161,3
182,49,5
300,83,5
178,234,2
305,141,5
170,198,2
214,227,3
163,33,6
173,206,2
149,270,1
73,298,0
93,39,6
308,100,5
145,279,1
112,294,0
266,200,4
294,78,5
218,106,4
308,179,5
148,287,1
178,215,2
140,47,6
173,149,3
263,222,4
129,192,2
149,41,6
164,193,2
247,50,5
141,239,1
181,47,5
262,185,4
198,15,6
112,324,0
225,47,5
92,241,1
144,185,2
218,49,5
128,230,1
145,260,1
255,137,4
266,181,4
156,149,3
172,21,6
96,237,1
230,50,5
148,268,1
108,309,0
258,145,4
165,143,3
168,30,6
177,24,6
111,230,1
145,290,1
262,166,4
112,305,0
137,50,6
185,11,6
216,196,3
188,18,6
213,50,5
310,119,5
220,217,3
108,290,0
216,226,3
253,60,5
260,59,5
122,45,6
209,103,4
160,151,3
75,297,0
216,177,3
102,37,6
241,126,4
78,305,0
217,14,6
108,233,1
219,185,3
219,9,6
147,279,1
192,103,4
176,148,3
122,192,2
188,112,4
216,207,3
304,143,5
91,295,0
150,154,3
151,41,6
219,215,3
232,113,4
159,148,3
162,35,6
94,241,1
309,146,5
212,167,3
260,194,4
211,9,6
179,207,2
171,29,6
147,260,1
150,267,1
304,173,5
99,40,6
204,48,5
98,237,1
175,216,2
260,145,4
216,12,6
110,201,2
194,9,6
146,252,1
190,18,6
187,48,5
275,67,5
260,175,4
210,160,3
263,182,4
199,12,6
304,154,5
191,152,3
175,197,2
218,226,3
259,142,4
182,12,6
150,278,1
214,111,4
304,184,5
243,126,4
246,133,4
263,163,4
138,47,6
194,103,4
178,148,3
279,69,5
100,293,0
218,207,3
153,40,6
306,143,5
121,47,6
237,120,4
161,148,3
164,35,6
307,101,5
310,164,5
108,38,6
173,29,6
306,173,5
242,123,4
160,186,2
119,199,2
177,216,2
265,152,4
128,193,2
229,114,4
213,159,3
143,44,6
172,194,2
189,48,5
152,38,6
144,261,1
265,182,4
258,59,5
95,238,1
306,154,5
256,218,4
100,37,6
139,239,1
107,36,6
309,112,5
260,160,4
216,110,4
200,155,3
301,76,5
262,155,4
144,242,1
297,85,5
248,133,4
265,163,4
180,147,3
187,146,3
147,46,6
171,191,2
309,142,5
260,190,4
110,329,0
205,13,6
281,69,5
102,293,0
232,46,5
99,240,1
163,147,3
179,19,6
123,47,6
215,178,3
154,191,2
138,236,1
239,120,4
256,150,4
309,172,5
260,220,4
259,157,4
85,293,0
256,229,4
208,47,5
215,46,5
110,310,0
210,156,3
186,106,4
130,192,2
301,87,5
280,66,5
141,187,2
198,46,5
106,295,0
303,95,5
259,138,4
214,231,3
169,23,6
210,10,6
162,145,3
178,17,6
173,210,2
97,238,1
179,113,4
307,116,5
174,26,6
82,296,0
89,295,0
177,231,2
218,110,4
308,183,5
148,291,1
134,194,2
202,155,3
307,146,5
214,212,3
149,45,6
254,53,5
181,51,5
149,249,1
189,146,3
262,189,4
158,39,6
157,153,3
169,200,2
210,104,4
79,298,0
194,149,3
257,136,4
132,45,6
113,203,2
237,53,5
148,272,1
108,313,0
302,178,5
172,146,3
262,219,4
156,191,2
140,236,1
290,72,5
261,157,4
258,228,4
117,199,2
262,170,4
143,244,1
144,257,1
185,53,5
148,43,6
123,236,1
200,107,4
261,187,4
148,253,1
282,66,5
108,294,0
91,243,1
262,200,4
176,209,2
144,287,1
111,302,0
180,16,6
262,151,4
107,311,0
257,147,4
261,217,4
207,49,5
108,324,0
221,109,4
140,247,1
110,232,1
261,168,4
114,43,6
217,218,3
207,162,3
204,109,4
151,45,6
219,219,3
94,35,6
256,53,5
107,292,0
217,169,3
160,39,6
305,105,5
179,211,2
180,110,4
81,298,0
187,109,4
175,220,2
239,53,5
90,292,0
114,234,1
224,111,4
178,228,2
305,135,5
208,156,3
219,200,3
179,241,2
146,256,1
227,119,4
211,164,3
187,52,5
150,42,6
305,86,5
309,131,5
260,179,4
263,186,4
97,234,1
159,36,6
231,115,4
175,201,2
219,230,3
93,243,1
146,286,1
287,73,5
105,40,6
178,209,2
305,116,5
238,50,5
260,209,4
179,222,2
263,216,4
182,16,6
157,188,2
174,218,2
150,282,1
141,233,1
175,231,2
142,246,1
299,81,5
263,167,4
226,116,4
193,11,6
145,254,1
266,175,4
154,44,6
146,267,1
186,50,5
206,109,4
109,291,0
190,154,3
263,197,4
128,50,6
291,75,5
112,299,0
130,45,6
137,44,6
113,312,0
263,148,4
170,146,3
177,145,3
161,190,2
181,14,6
189,109,4
92,291,0
109,321,0
242,127,4
113,45,6
193,105,4
229,118,4
160,145,3
213,163,3
137,191,2
144,190,2
217,233,3
172,192,2
128,235,1
278,71,5
255,142,4
165,27,6
216,171,3
217,184,3
148,186,2
111,197,2
176,21,6
217,8,6
95,242,1
147,273,1
177,201,2
120,191,2
127,190,2
205,157,3
107,40,6
216,201,3
212,48,5
240,50,5
217,214,3
184,53,5
250,57,5
144,246,1
180,238,2
265,167,4
228,116,4
212,161,3
252,58,5
188,49,5
147,254,1
195,48,5
213,174,3
99,34,6
207,12,6
208,108,4
215,107,4
305,180,5
115,199,2
192,153,3
199,152,3
216,182,3
144,276,1
176,115,4
304,118,5
265,197,4
293,75,5
86,297,0
260,224,4
179,144,3
309,176,5
139,44,6
163,189,2
180,219,2
244,52,5
174,233,2
191,108,4
166,197,2
176,228,2
159,32,6
301,91,5
202,103,4
264,165,4
186,148,3
146,189,2
155,41,6
227,52,5
130,234,1
280,70,5
215,163,3
109,306,0
114,197,2
218,171,3
231,48,5
267,61,5
129,47,6
169,148,3
259,221,4
178,21,6
175,51,5
210,52,5
181,112,4
215,193,3
187,15,6
272,64,5
259,172,4
218,201,3
214,48,5
117,230,1
251,136,4
230,115,4
254,144,4
215,223,3
105,296,0
214,161,3
197,48,5
302,97,5
306,167,5
101,34,6
182,106,4
266,59,5
307,180,5
218,182,3
295,74,5
178,115,4
306,118,5
88,296,0
105,326,0
113,41,6
246,51,5
307,131,5
298,82,5
137,187,2
165,189,2
121,232,1
168,197,2
234,117,4
302,78,5
306,148,5
161,32,6
148,47,6
229,51,5
91,37,6
213,13,6
157,41,6
104,232,1
132,234,1
149,264,1
289,69,5
306,99,5
303,170,5
116,196,2
264,199,4
176,213,2
144,291,1
100,241,1
111,306,0
262,149,4
265,212,4
131,47,6
107,315,0
264,150,4
261,221,4
196,13,6
115,234,1
149,294,1
221,113,4
245,49,5
306,129,5
189,15,6
110,323,0
220,200,3
164,187,2
200,9,6
253,136,4
264,180,4
95,39,6
256,144,4
220,230,3
199,47,5
213,107,4
107,296,0
261,202,4
110,304,0
203,151,3
220,181,3
264,210,4
176,224,2
106,41,6
186,17,6
176,48,5
268,59,5
111,317,0
215,208,3
196,107,4
90,296,0
107,326,0
220,49,5
248,51,5
99,290,0
139,187,2
220,211,3
214,225,3
151,151,3
308,147,5
252,134,4
163,31,6
236,117,4
179,107,4
214,176,3
203,49,5
308,98,5
239,125,4
215,13,6
106,232,1
308,177,5
167,148,3
118,196,2
183,20,6
134,188,2
178,213,2
305,120,5
186,111,4
214,206,3
179,50,5
308,128,5
198,13,6
117,46,6
145,48,6
223,113,4
157,147,3
141,192,2
169,194,2
145,258,1
266,179,4
162,29,6
259,56,5
96,235,1
304,88,5
308,158,5
148,266,1
258,143,4
97,39,6
202,47,5
149,279,1
174,203,2
117,193,2
291,79,5
145,288,1
262,164,4
112,303,0
177,149,3
148,296,1
146,42,6
145,239,1
178,48,5
148,247,1
198,107,4
262,194,4
160,149,3
104,297,0
234,50,5
145,269,1
255,146,4
262,145,4
266,190,4
153,188,2
112,201,2
137,233,1
148,277,1
241,124,4
258,154,4
255,225,4
290,77,5
257,226,4
176,146,3
127,194,2
136,46,6
217,50,5
112,314,0
205,161,3
188,110,4
216,205,3
120,233,1
98,292,0
151,39,6
221,46,5
310,128,5
213,227,3
252,56,5
212,165,3
143,192,2
155,155,3
171,27,6
147,258,1
99,38,6
172,207,2
164,29,6
204,46,5
215,111,4
310,158,5
305,184,5
260,143,4
199,156,3
216,186,3
216,10,6
223,9,6
264,64,5
217,199,3
126,192,2
293,79,5
147,288,1
110,237,1
220,114,4
204,159,3
244,56,5
95,295,0
260,173,4
216,216,3
199,10,6
304,152,5
191,150,3
93,33,6
175,195,2
232,122,4
305,165,5
175,112,4
304,103,5
78,295,0
260,203,4
179,216,2
236,50,5
98,36,6
150,276,1
214,109,4
74,304,0
304,182,5
114,201,2
139,233,1
142,240,1
243,124,4
260,154,4
292,76,5
309,106,5
263,161,4
138,45,6
224,116,4
304,133,5
178,146,3
162,191,2
279,67,5
203,12,6
218,205,3
260,184,4
223,46,5
121,45,6
150,257,1
304,163,5
161,146,3
177,18,6
145,191,2
129,236,1
136,235,1
254,227,4
173,27,6
242,121,4
259,151,4
101,38,6
206,46,5
266,63,5
150,287,1
218,186,3
142,47,6
112,236,1
193,16,6
310,143,5
218,216,3
125,47,6
258,57,5
306,152,5
177,112,4
80,295,0
303,174,5
113,230,1
200,153,3
91,289,0
306,182,5
125,194,2
132,193,2
177,225,2
144,240,1
265,161,4
112,43,6
147,44,6
245,53,5
252,52,5
306,133,5
309,140,5
96,292,0
205,11,6
156,38,6
281,67,5
90,244,1
192,147,3
92,239,1
99,238,1
233,119,4
111,202,2
200,51,5
256,148,4
309,170,5
260,218,4
104,37,6
103,234,1
237,47,5
213,111,4
204,155,3
256,227,4
143,293,1
309,121,5
260,169,4
110,308,0
264,214,4
176,52,5
183,51,5
301,85,5
184,147,3
195,15,6
87,247,1
171,200,2
205,105,4
106,293,0
220,215,3
207,106,4
252,138,4
127,47,6
178,15,6
260,57,5
179,111,4
215,187,3
174,24,6
89,293,0
106,323,0
259,166,4
190,106,4
218,108,4
308,181,5
251,130,4
134,192,2
202,153,3
219,183,3
93,289,0
183,145,3
214,210,3
195,109,4
105,290,0
158,37,6
307,95,5
157,151,3
215,168,3
219,213,3
303,104,5
166,145,3
175,18,6
177,210,2
162,33,6
150,190,2
101,238,1
113,201,2
169,32,6
235,119,4
308,162,5
178,109,4
302,176,5
238,126,4
202,51,5
214,191,3
124,196,2
271,62,5
222,110,4
206,155,3
209,162,3
177,240,2
133,190,2
300,77,5
117,235,1
179,235,2
251,54,5
185,51,5
148,41,6
303,85,5
170,192,2
197,15,6
108,292,0
262,198,4
173,200,2
144,285,1
96,40,6
76,300,0
257,145,4
261,215,4
137,237,1
144,236,1
148,281,1
108,322,0
221,107,4
140,245,1
176,237,2
261,166,4
262,179,4
253,130,4
127,236,1
277,72,5
204,107,4
188,152,3
88,244,1
107,290,0
147,187,2
217,167,3
261,196,4
131,232,1
108,303,0
262,209,4
184,16,6
128,44,6
220,175,3
159,188,2
233,52,5
111,311,0
261,147,4
168,145,3
258,218,4
152,190,2
269,66,5
90,290,0
240,126,4
217,197,3
223,13,6
114,232,1
305,133,5
219,198,3
126,196,2
273,62,5
216,52,5
227,117,4
261,177,4
211,162,3
135,190,2
200,14,6
119,235,1
305,84,5
191,154,3
305,163,5
175,199,2
219,228,3
174,20,6
199,52,5
93,241,1
217,178,3
178,207,2
102,235,1
78,299,0
184,110,4
305,114,5
179,220,2
98,40,6
87,293,0
174,216,2
244,128,4
175,229,2
142,244,1
299,79,5
309,110,5
178,237,2
305,144,5
154,42,6
146,265,1
186,48,5
304,82,5
163,36,6
305,95,5
206,107,4
260,188,4
190,152,3
263,195,4
174,197,2
291,73,5
175,210,2
146,295,1
242,50,5
77,297,0
113,310,0
170,144,3
177,143,3
263,146,4
161,188,2
178,218,2
235,52,5
109,319,0
146,246,1
129,195,2
150,291,1
250,137,4
141,242,1
299,90,5
193,103,4
263,176,4
190,50,5
218,52,5
128,233,1
278,69,5
255,140,4
266,184,4
202,14,6
146,276,1
96,240,1
258,61,5
109,300,0
134,45,6
263,206,4
257,220,4
104,327,0
185,14,6
80,299,0
212,46,5
246,127,4
113,321,0
217,212,3
310,122,5
249,135,4
217,163,3
160,33,6
125,236,1
212,159,3
147,252,1
103,295,0
153,155,3
213,172,3
156,42,6
75,300,0
115,197,2
262,63,5
216,180,3
99,242,1
257,59,5
264,58,5
176,113,4
217,193,3
108,236,1
293,73,5
305,129,5
147,282,1
79,296,0
86,295,0
309,174,5
104,41,6
120,200,2
209,49,5
180,217,2
244,50,5
245,125,4
221,13,6
301,89,5
225,117,4
305,159,5
216,161,3
192,49,5
144,255,1
155,39,6
304,97,5
265,176,4
204,13,6
211,12,6
147,263,1
309,155,5
196,153,3
207,104,4
114,195,2
174,212,2
231,46,5
98,240,1
176,207,2
110,204,2
175,49,5
304,127,5
265,206,4
215,191,3
187,13,6
162,185,2
106,327,0
219,112,4
180,228,2
214,46,5
248,127,4
297,79,5
199,104,4
183,149,3
167,194,2
215,221,3
134,234,1
284,70,5
105,294,0
215,172,3
154,185,2
138,230,1
109,315,0
166,149,3
218,180,3
178,113,4
185,112,4
175,143,3
191,15,6
105,324,0
307,129,5
215,202,3
165,187,2
121,230,1
133,194,2
234,115,4
306,146,5
161,30,6
142,188,2
283,68,5
307,159,5
215,232,3
170,24,6
194,49,5
157,39,6
306,97,5
310,167,5
259,211,4
214,170,3
116,194,2
307,110,5
263,60,5
144,289,1
100,239,1
198,153,3
109,233,1
261,219,4
250,51,5
177,49,5
105,38,6
306,127,5
307,140,5
143,257,1
253,134,4
95,37,6
144,270,1
302,87,5
265,191,4
286,70,5
212,9,6
79,292,0
213,105,4
107,294,0
261,200,4
139,242,1
149,273,1
306,108,5
110,302,0
135,47,6
264,208,4
176,222,2
111,315,0
168,149,3
258,222,4
143,238,1
196,105,4
90,294,0
107,324,0
264,159,4
180,150,3
220,47,5
87,241,1
140,50,6
139,185,2
220,209,3
123,230,1
261,181,4
151,149,3
252,132,4
135,194,2
225,50,5
236,115,4
160,143,3
264,189,4
176,203,2
203,47,5
111,296,0
239,123,4
172,24,6
215,11,6
106,230,1
107,305,0
217,182,3
167,146,3
118,194,2
174,145,3
180,48,5
219,177,3
265,60,5
208,50,5
183,18,6
110,313,0
203,160,3
220,190,3
186,109,4
192,12,6
87,297,0
308,126,5
215,217,3
300,90,5
178,241,2
191,50,5
305,148,5
220,220,3
193,51,5
308,156,5
97,37,6
73,305,0
303,183,5
214,185,3
174,201,2
214,9,6
291,77,5
308,107,5
215,105,4
305,178,5
145,286,1
183,112,4
77,301,0
146,40,6
178,222,2
145,237,1
93,294,0
214,215,3
149,48,6
197,9,6
174,231,2
247,57,5
198,105,4
154,148,3
189,149,3
157,35,6
89,241,1
149,258,1
206,9,6
166,29,6
234,48,5
96,34,6
145,267,1
255,144,4
262,143,4
266,188,4
153,186,2
112,199,2
146,280,1
137,231,1
96,244,1
148,275,1
258,152,4
302,181,5
121,193,2
149,288,1
105,238,1
290,75,5
263,210,4
136,44,6
117,202,2
262,173,4
112,312,0
185,18,6
182,48,5
201,10,6
120,231,1
270,67,5
226,110,4
194,12,6
145,248,1
310,126,5
266,169,4
148,256,1
108,297,0
143,190,2
254,142,4
99,36,6
112,293,0
75,304,0
310,156,5
266,199,4
216,184,3
264,62,5
293,77,5
310,107,5
192,110,4
95,293,0
112,323,0
245,129,4
216,214,3
217,227,3
219,222,3
256,56,5
232,120,4
156,148,3
216,165,3
78,293,0
168,29,6
201,47,5
236,48,5
98,34,6
147,267,1
237,123,4
304,180,5
220,10,6
114,199,2
175,223,2
292,74,5
309,104,5
260,152,4
216,195,3
123,193,2
188,17,6
107,238,1
224,114,4
304,131,5
208,159,3
110,42,6
184,47,5
162,189,2
203,10,6
180,232,2
309,134,5
260,182,4
155,145,3
216,225,3
150,255,1
231,118,4
175,204,2
305,174,5
102,36,6
218,233,3
304,112,5
211,110,4
195,155,3
182,19,6
146,240,1
296,76,5
150,285,1
218,184,3
142,45,6
174,227,2
174,51,5
260,163,4
175,147,3
182,146,3
263,170,4
159,192,2
166,191,2
193,14,6
304,142,5
194,110,4
97,293,0
218,214,3
125,45,6
158,147,3
165,146,3
142,192,2
149,191,2
133,236,1
150,266,1
283,72,5
177,110,4
218,165,3
170,28,6
80,293,0
179,22,6
210,46,5
306,180,5
242,130,4
222,10,6
132,191,2
141,43,6
177,223,2
116,236,1
218,195,3
275,66,5
245,51,5
306,131,5
210,159,3
96,290,0
136,187,2
213,166,3
156,36,6
254,138,4
172,201,2
255,58,5
262,57,5
124,43,6
310,152,5
233,117,4
157,145,3
176,24,6
200,49,5
104,35,6
177,204,2
169,26,6
212,13,6
307,174,5
103,232,1
204,153,3
306,112,5
80,304,0
143,291,1
309,119,5
197,155,3
298,76,5
84,299,0
144,45,6
249,53,5
144,249,1
100,292,0
196,109,4
265,170,4
168,191,2
153,39,6
260,197,4
74,298,0
252,136,4
127,45,6
108,203,2
92,248,1
151,191,2
135,236,1
217,111,4
285,72,5
106,321,0
212,107,4
260,227,4
160,185,2
119,198,2
265,151,4
180,52,5
110,317,0
192,16,6
143,43,6
167,188,2
118,236,1
301,94,5
195,107,4
277,66,5
86,243,1
215,166,3
122,232,1
106,302,0
256,138,4
259,145,4
166,143,3
220,224,3
126,43,6
150,188,2
101,236,1
235,117,4
178,24,6
202,49,5
186,11,6
214,13,6
222,108,4
206,153,3
117,233,1
219,192,3
185,49,5
303,83,5
227,111,4
214,219,3
254,60,5
308,141,5
189,153,3
173,198,2
307,104,5
166,33,6
96,38,6
175,110,4
76,298,0
182,109,4
177,219,2
85,292,0
148,279,1
308,171,5
121,197,2
179,214,2
140,243,1
290,79,5
130,191,2
262,177,4
117,40,6
182,52,5
201,14,6
145,42,6
152,41,6
120,235,1
144,264,1
194,16,6
141,186,2
88,242,1
303,94,5
261,194,4
148,260,1
108,301,0
262,207,4
100,40,6
173,209,2
176,216,2
144,294,1
233,50,5
261,145,4
168,143,3
265,215,4
258,216,4
152,188,2
269,64,5
131,50,6
262,158,4
136,233,1
107,318,0
294,81,5
148,290,1
221,116,4
216,50,5
250,131,4
261,175,4
135,188,2
200,12,6
119,233,1
201,108,4
262,188,4
104,291,0
286,75,5
256,60,5
107,299,0
132,44,6
217,176,3
183,12,6
108,312,0
172,145,3
184,108,4
156,190,2
87,291,0
94,290,0
244,126,4
261,156,4
175,227,2
188,104,4
115,44,6
248,54,5
305,142,5
208,163,3
139,190,2
219,207,3
123,235,1
151,154,3
203,14,6
163,34,6
305,93,5
155,149,3
162,148,3
216,229,3
122,48,6
171,21,6
196,53,5
90,242,1
97,241,1
174,195,2
231,122,4
308,101,5
180,15,6
175,208,2
167,30,6
82,299,0
77,295,0
102,40,6
207,48,5
178,216,2
235,50,5
305,123,5
179,229,2
219,12,6
146,244,1
129,193,2
179,53,5
220,108,4
174,225,2
150,289,1
122,195,2
175,238,2
299,88,5
260,167,4
223,116,4
263,174,4
207,161,3
183,49,5
190,48,5
218,50,5
145,261,1
255,138,4
94,34,6
202,12,6
146,274,1
259,59,5
203,108,4
210,107,4
194,152,3
288,74,5
109,298,0
179,210,2
263,204,4
174,206,2
150,270,1
81,297,0
158,189,2
185,12,6
142,234,1
246,125,4
113,319,0
263,155,4
145,242,1
109,328,0
141,47,6
146,255,1
197,103,4
181,148,3
222,52,5
125,234,1
210,163,3
263,185,4
153,153,3
156,40,6
165,34,6
262,61,5
124,47,6
129,230,1
113,300,0
164,148,3
217,191,3
173,21,6
108,234,1
109,309,0
263,215,4
177,208,2
257,229,4
209,47,5
267,64,5
221,11,6
112,230,1
217,221,3
116,41,6
131,193,2
225,115,4
232,114,4
209,160,3
177,238,2
213,230,3
192,47,5
265,174,4
153,43,6
212,168,3
204,11,6
305,108,5
147,261,1
196,151,3
261,59,5
98,238,1
180,113,4
110,202,2
83,296,0
108,41,6
265,204,4
241,51,5
103,37,6
293,82,5
92,290,0
106,325,0
219,110,4
79,305,0
160,189,2
180,226,2
297,77,5
265,155,4
147,242,1
229,117,4
143,47,6
159,39,6
224,51,5
208,13,6
127,234,1
304,106,5
211,104,4
265,185,4
111,196,2
215,170,3
195,149,3
309,164,5
260,212,4
126,47,6
114,204,2
256,221,4
191,13,6
259,228,4
159,186,2
240,49,5
138,48,6
111,309,0
215,200,3
218,46,5
264,153,4
195,9,6
218,208,3
248,136,4
90,39,6
118,41,6
142,186,2
283,66,5
215,230,3
194,47,5
130,48,6
259,209,4
214,168,3
263,58,5
198,151,3
215,181,3
101,41,6
174,18,6
181,17,6
138,239,1
182,113,4
259,160,4
218,189,3
177,47,5
191,107,4
85,296,0
295,81,5
243,51,5
153,149,3
247,133,4
215,211,3
165,196,2
158,31,6
146,188,2
307,89,5
130,233,1
257,53,5
234,124,4
302,85,5
158,152,3
306,155,5
198,49,5
161,39,6
303,98,5
307,168,5
218,170,3
210,13,6
120,194,2
129,46,6
104,239,1
149,271,1
306,106,5
238,120,4
303,177,5
169,147,3
197,149,3
307,119,5
181,111,4
84,293,0
91,292,0
109,38,6
143,236,1
209,156,3
177,234,2
112,46,6
140,48,6
152,147,3
136,192,2
164,194,2
188,52,5
230,114,4
261,179,4
92,38,6
149,252,1
253,143,4
264,187,4
151,185,2
176,201,2
144,279,1
123,48,6
209,10,6
135,230,1
111,294,0
217,105,4
302,96,5
265,200,4
201,150,3
256,151,4
107,303,0
261,209,4
265,58,5
172,149,3
262,222,4
143,296,1
110,311,0
220,188,3
264,217,4
192,10,6
176,231,2
94,294,0
111,324,0
261,160,4
184,150,3
143,247,1
264,168,4
248,58,5
188,146,3
220,218,3
229,50,5
236,124,4
110,292,0
160,152,3
264,198,4
111,305,0
308,105,5
171,146,3
180,19,6
155,191,2
272,67,5
183,110,4
308,184,5
115,233,1
178,220,2
305,127,5
93,292,0
220,199,3
214,213,3
308,135,5
154,146,3
114,46,6
138,191,2
89,239,1
214,164,3
150,155,3
166,27,6
305,157,5
94,38,6
199,46,5
162,36,6
304,95,5
308,165,5
178,201,2
211,10,6
218,9,6
121,191,2
295,77,5
149,286,1
105,236,1
214,194,3
174,210,2
81,301,0
308,116,5
145,295,1
185,16,6
300,80,5
113,323,0
146,49,6
194,10,6
178,231,2
251,57,5
145,246,1
170,195,2
174,240,2
308,146,5
148,254,1
100,34,6
149,267,1
190,146,3
209,108,4
134,232,1
145,276,1
262,152,4
193,154,3
266,197,4
146,289,1
137,240,1
113,304,0
294,75,5
133,45,6
238,53,5
310,105,5
109,313,0
173,146,3
263,219,4
189,18,6
157,191,2
274,67,5
141,236,1
201,102,4
95,291,0
112,321,0
245,127,4
262,182,4
226,119,4
217,225,3
116,45,6
310,135,5
266,178,4
156,146,3
216,163,3
140,191,2
124,236,1
131,235,1
258,142,4
168,27,6
212,172,3
147,265,1
237,121,4
257,214,4
220,8,6
112,302,0
310,165,5
216,193,3
108,39,6
123,191,2
188,15,6
107,236,1
114,235,1
224,112,4
217,206,3
208,157,3
110,40,6
310,116,5
92,294,0
249,129,4
147,295,1
216,223,3
253,57,5
147,246,1
231,116,4
172,195,2
175,202,2
305,172,5
216,174,3
102,34,6
241,123,4
304,110,5
211,108,4
78,302,0
217,11,6
195,153,3
179,223,2
147,276,1
296,74,5
86,289,0
150,283,1
127,193,2
180,211,2
142,43,6
139,240,1
247,51,5
174,49,5
188,109,4
260,161,4
166,189,2
240,53,5
304,140,5
151,38,6
203,102,4
97,291,0
159,145,3
187,147,3
94,238,1
171,192,2
304,91,5
195,51,5
90,247,1
150,264,1
304,170,5
170,26,6
117,196,2
232,47,5
260,142,4
199,155,3
263,149,4
304,121,5
222,8,6
178,51,5
179,147,3
150,294,1
218,193,3
190,15,6
275,64,5
210,157,3
193,106,4
101,293,0
254,136,4
215,215,3
202,106,4
189,53,5
218,223,3
148,187,2
306,159,5
255,228,4
177,202,2
169,24,6
218,174,3
185,106,4
80,302,0
303,181,5
246,130,4
197,153,3
214,183,3
181,115,4
91,296,0
209,154,3
279,66,5
249,51,5
100,290,0
153,37,6
168,189,2
306,140,5
152,151,3
121,44,6
226,52,5
230,118,4
161,145,3
164,32,6
108,201,2
149,256,1
309,98,5
83,290,0
157,154,3
173,26,6
209,14,6
216,13,6
135,234,1
217,109,4
302,100,5
306,170,5
201,154,3
119,196,2
147,291,1
209,52,5
302,179,5
128,190,2
112,235,1
309,128,5
260,176,4
110,315,0
192,14,6
298,85,5
301,92,5
201,8,6
106,300,0
256,136,4
309,158,5
260,206,4
220,222,3
231,49,5
235,115,4
139,236,1
216,107,4
110,296,0
264,202,4
200,152,3
106,330,0
297,82,5
248,130,4
180,144,3
196,16,6
199,107,4
110,326,0
220,203,3
214,217,3
167,197,2
284,73,5
102,290,0
126,232,1
163,144,3
179,16,6
215,175,3
154,188,2
138,233,1
182,107,4
76,296,0
259,154,4
175,25,6
85,290,0
308,169,5
219,171,3
218,13,6
214,198,3
186,20,6
130,189,2
137,188,2
211,52,5
121,233,1
222,117,4
206,162,3
300,84,5
219,201,3
303,92,5
170,199,2
214,228,3
194,52,5
100,38,6
173,207,2
97,235,1
73,299,0
258,214,4
105,41,6
144,243,1
294,79,5
218,107,4
148,288,1
134,191,2
202,152,3
221,114,4
250,129,4
149,42,6
181,48,5
299,82,5
182,144,3
201,106,4
262,186,4
158,36,6
92,242,1
144,273,1
104,289,0
185,152,3
169,197,2
286,73,5
107,297,0
113,200,2
261,203,4
230,51,5
237,50,5
148,269,1
108,310,0
258,146,4
172,143,3
238,125,4
262,216,4
156,188,2
135,50,6
140,233,1
290,69,5
111,318,0
261,154,4
258,225,4
177,25,6
124,195,2
262,167,4
115,42,6
213,51,5
220,50,5
139,188,2
123,233,1
205,108,4
200,104,4
151,152,3
261,184,4
108,291,0
91,240,1
262,197,4
155,147,3
260,60,5
122,46,6
196,51,5
111,299,0
167,28,6
155,185,2
106,233,1
82,297,0
257,144,4
217,185,3
102,38,6
207,46,5
241,127,4
305,121,5
219,186,3
179,227,2
219,10,6
192,104,4
176,149,3
122,193,2
175,236,2
223,114,4
216,208,3
207,159,3
98,295,0
305,151,5
151,42,6
219,216,3
259,57,5
203,106,4
159,149,3
304,89,5
94,242,1
252,59,5
288,72,5
305,102,5
179,208,2
174,204,2
180,107,4
81,295,0
304,174,5
115,200,2
158,187,2
175,217,2
239,50,5
260,146,4
77,304,0
263,153,4
223,12,6
178,225,2
305,132,5
179,238,2
141,45,6
146,253,1
211,161,3
181,146,3
187,49,5
150,39,6
222,50,5
193,110,4
263,183,4
199,13,6
206,12,6
191,153,3
266,191,4
93,240,1
146,283,1
113,298,0
178,206,2
148,191,2
238,47,5
109,307,0
259,143,4
263,213,4
182,13,6
189,12,6
157,185,2
274,61,5
142,243,1
246,134,4
263,164,4
221,47,5
310,129,5
266,172,4
279,70,5
140,185,2
124,230,1
100,294,0
217,170,3
160,40,6
149,185,2
263,194,4
109,205,2
261,57,5
161,149,3
307,102,5
113,309,0
83,294,0
217,200,3
241,49,5
103,35,6
242,124,4
160,187,2
177,217,2
116,230,1
265,153,4
245,132,4
113,42,6
128,194,2
307,132,5
229,115,4
213,160,3
217,230,3
301,96,5
216,168,3
208,11,6
152,39,6
265,183,4
176,18,6
201,50,5
95,239,1
147,270,1
309,162,5
126,45,6
114,202,2
104,233,1
256,219,4
107,37,6
240,47,5
200,156,3
265,213,4
301,77,5
264,151,4
180,235,2
248,134,4
265,164,4
147,47,6
90,37,6
147,251,1
223,47,5
260,191,4
309,143,5
207,9,6
208,105,4
102,294,0
192,150,3
170,147,3
215,179,3
138,237,1
182,111,4
260,221,4
259,158,4
163,186,2
142,48,6
141,245,1
85,294,0
191,105,4
215,47,5
247,131,4
215,209,3
118,230,1
186,145,3
146,186,2
130,231,1
280,67,5
215,160,3
158,150,3
198,47,5
161,37,6
303,96,5
259,139,4
307,166,5
218,168,3
210,11,6
170,31,6
267,58,5
129,44,6
303,175,5
162,146,3
169,145,3
259,218,4
178,18,6
214,177,3
203,50,5
307,117,5
113,231,1
181,109,4
215,190,3
84,291,0
174,27,6
125,195,2
89,296,0
259,169,4
177,232,2
250,58,5
112,44,6
251,133,4
306,134,5
136,190,2
307,147,5
230,112,4
92,36,6
164,26,6
149,250,1
105,293,0
158,40,6
307,98,5
209,8,6
144,277,1
257,62,5
302,94,5
265,198,4
169,201,2
210,105,4
307,177,5
103,235,1
79,299,0
113,204,2
261,207,4
149,280,1
306,115,5
88,293,0
143,294,1
307,128,5
140,237,1
176,229,2
111,322,0
258,229,4
144,48,6
143,245,1
264,166,4
144,258,1
87,248,1
234,114,4
139,192,2
148,44,6
229,48,5
91,34,6
200,108,4
261,188,4
213,10,6
107,199,2
252,139,4
127,48,6
132,231,1
91,244,1
282,67,5
110,290,0
264,196,4
